GLAM Project,,,,,,,,,,
NASA/GSFC/GIMMS,,,,,,,,,,
USDA/FAS/IPAD,,,,,,,,,,
Created on 2022-04-21 04:51:17 UTC,,,,,,,,,,
,,,,,,,,,,
DB VERSION,v9,,,,,,,,,
SAT,Terra AM,,,,,,,,,
PRODUCT,MODIS NDVI 8-day,,,,,,,,,
MEAN,2001-2018,,,,,,,,,
MASK,GDA-CropID-China_2021_Rice,,,,,,,,,
SHAPE,ADM,,,,,,,,,
ID(s),28585,,,,,,,,,
MAX SAMPLE COUNT,760770,,,,,,,,,
,,,,,,,,,,
ORDINAL DATE,START DATE,END DATE,SOURCE,SAMPLE VALUE,SAMPLE COUNT,MEAN VALUE,MEAN COUNT,ANOM VALUE,MIN VALUE,MAX VALUE
2000-049,2/18/2000,2/25/2000,STD,0.198,16168,0.273,520937,-0.075,0.198,0.369
2000-057,2/26/2000,3/4/2000,STD,0.218,282079,0.259,643239,-0.041,0.18,0.373
2000-065,3/5/2000,3/12/2000,STD,0.217,266694,0.279,742029,-0.062,0.217,0.364
2000-073,3/13/2000,3/20/2000,STD,0.238,424498,0.267,755847,-0.029,0.233,0.403
2000-081,3/21/2000,3/28/2000,STD,0.239,460405,0.275,756116,-0.036,0.204,0.329
2000-089,3/29/2000,4/5/2000,STD,0.255,625247,0.279,756336,-0.024,0.255,0.314
2000-097,4/6/2000,4/13/2000,STD,0.255,689422,0.282,756381,-0.027,0.236,0.314
2000-105,4/14/2000,4/21/2000,STD,0.272,668104,0.285,756337,-0.013,0.243,0.312
2000-113,4/22/2000,4/29/2000,STD,0.261,479983,0.299,756380,-0.038,0.233,0.338
2000-121,4/30/2000,5/7/2000,STD,0.28,698856,0.298,756163,-0.018,0.259,0.328
2000-129,5/8/2000,5/15/2000,STD,0.292,676335,0.298,756364,-0.006,0.276,0.313
2000-137,5/16/2000,5/23/2000,STD,0.3,699704,0.303,756382,-0.003,0.277,0.334
2000-145,5/24/2000,5/31/2000,STD,0.332,710916,0.306,756384,0.026,0.27,0.334
2000-153,6/1/2000,6/8/2000,STD,0.341,704910,0.331,756367,0.01,0.299,0.375
2000-161,6/9/2000,6/16/2000,STD,0.366,752027,0.394,756372,-0.028,0.342,0.484
2000-169,6/17/2000,6/24/2000,STD,0.457,704919,0.51,756340,-0.053,0.449,0.606
2000-177,6/25/2000,7/2/2000,STD,0.568,644795,0.629,756171,-0.061,0.549,0.761
2000-185,7/3/2000,7/10/2000,STD,0.634,732202,0.724,756381,-0.09,0.634,0.82
2000-193,7/11/2000,7/18/2000,STD,0.687,696536,0.786,756384,-0.099,0.687,0.853
2000-201,7/19/2000,7/26/2000,STD,0.751,674584,0.82,756385,-0.069,0.739,0.87
2000-209,7/27/2000,8/3/2000,STD,0.78,721387,0.835,756384,-0.055,0.78,0.867
2000-217,8/4/2000,8/11/2000,STD,0.806,370700,0.833,756384,-0.027,0.803,0.86
2000-225,8/12/2000,8/19/2000,STD,0.744,216331,0.812,756384,-0.068,0.744,0.837
2000-233,8/20/2000,8/27/2000,STD,0.755,561829,0.775,756384,-0.02,0.737,0.815
2000-241,8/28/2000,9/4/2000,STD,0.699,631749,0.728,756385,-0.029,0.693,0.772
2000-249,9/5/2000,9/12/2000,STD,0.644,710492,0.664,756385,-0.02,0.632,0.722
2000-257,9/13/2000,9/20/2000,STD,0.555,739378,0.584,756385,-0.029,0.531,0.654
2000-265,9/21/2000,9/28/2000,STD,0.456,633679,0.514,756294,-0.058,0.419,0.568
2000-273,9/29/2000,10/6/2000,STD,0.402,665419,0.427,756384,-0.025,0.341,0.518
2000-281,10/7/2000,10/14/2000,STD,0.34,702119,0.351,755733,-0.011,0.289,0.442
2000-289,10/15/2000,10/22/2000,STD,0.292,652565,0.29,755382,0.002,0.266,0.334
2000-297,10/23/2000,10/30/2000,STD,0.262,684962,0.26,755715,0.002,0.245,0.301
2000-305,10/31/2000,11/7/2000,STD,0.247,715270,0.25,755692,-0.003,0.233,0.279
2000-313,11/8/2000,11/15/2000,STD,0.23,598772,0.243,755855,-0.013,0.226,0.268
2000-321,11/16/2000,11/23/2000,STD,0.241,502434,0.242,755788,-0.001,0.209,0.29
2000-329,11/24/2000,12/1/2000,STD,0.247,147169,0.248,754820,-0.001,0.215,0.293
2000-337,12/2/2000,12/9/2000,STD,0.242,208863,0.249,751599,-0.007,0.21,0.312
2000-345,12/10/2000,12/17/2000,STD,0.264,183591,0.264,652383,0,0.212,0.316
2000-353,12/18/2000,12/25/2000,STD,0.292,126676,0.27,645790,0.022,0.221,0.36
2000-361,12/26/2000,1/2/2001,STD,0.278,155587,0.282,470816,-0.004,0.172,0.362
2001-001,1/1/2001,1/8/2001,STD,0.257,83374,0.281,380225,-0.024,0.204,0.466
2001-009,1/9/2001,1/16/2001,STD,0.323,153527,0.288,372891,0.035,0.207,0.371
2001-017,1/17/2001,1/24/2001,STD,0.295,81618,0.271,430377,0.024,0.155,0.349
2001-025,1/25/2001,2/1/2001,STD,0.306,111777,0.261,471734,0.045,0.202,0.396
2001-033,2/2/2001,2/9/2001,STD,0.247,56151,0.247,436303,0,0.161,0.375
2001-041,2/10/2001,2/17/2001,STD,0.34,166538,0.261,443823,0.079,0.151,0.383
2001-049,2/18/2001,2/25/2001,STD,0.29,225339,0.273,520937,0.017,0.198,0.369
2001-057,2/26/2001,3/5/2001,STD,0.265,241917,0.259,643239,0.006,0.18,0.373
2001-065,3/6/2001,3/13/2001,STD,0.303,261070,0.279,742029,0.024,0.217,0.364
2001-073,3/14/2001,3/21/2001,STD,0.263,385813,0.267,755847,-0.004,0.233,0.403
2001-081,3/22/2001,3/29/2001,STD,0.273,376367,0.275,756116,-0.002,0.204,0.329
2001-089,3/30/2001,4/6/2001,STD,0.266,597469,0.279,756336,-0.013,0.255,0.314
2001-097,4/7/2001,4/14/2001,STD,0.264,539998,0.282,756381,-0.018,0.236,0.314
2001-105,4/15/2001,4/22/2001,STD,0.259,717206,0.285,756337,-0.026,0.243,0.312
2001-113,4/23/2001,4/30/2001,STD,0.269,704330,0.299,756380,-0.03,0.233,0.338
2001-121,5/1/2001,5/8/2001,STD,0.259,661322,0.298,756163,-0.039,0.259,0.328
2001-129,5/9/2001,5/16/2001,STD,0.284,737720,0.298,756364,-0.014,0.276,0.313
2001-137,5/17/2001,5/24/2001,STD,0.301,686405,0.303,756382,-0.002,0.277,0.334
2001-145,5/25/2001,6/1/2001,STD,0.316,707786,0.306,756384,0.01,0.27,0.334
2001-153,6/2/2001,6/9/2001,STD,0.327,644483,0.331,756367,-0.004,0.299,0.375
2001-161,6/10/2001,6/17/2001,STD,0.377,597171,0.394,756372,-0.017,0.342,0.484
2001-169,6/18/2001,6/25/2001,STD,#N/A,#N/A,0.51,756340,#N/A,0.449,0.606
2001-177,6/26/2001,7/3/2001,STD,#N/A,#N/A,0.629,756171,#N/A,0.549,0.761
2001-185,7/4/2001,7/11/2001,STD,0.666,713176,0.724,756381,-0.058,0.634,0.82
2001-193,7/12/2001,7/19/2001,STD,0.731,720336,0.786,756384,-0.055,0.687,0.853
2001-201,7/20/2001,7/27/2001,STD,0.77,675524,0.82,756385,-0.05,0.739,0.87
2001-209,7/28/2001,8/4/2001,STD,0.801,451173,0.835,756384,-0.034,0.78,0.867
2001-217,8/5/2001,8/12/2001,STD,0.803,685011,0.833,756384,-0.03,0.803,0.86
2001-225,8/13/2001,8/20/2001,STD,0.789,667796,0.812,756384,-0.023,0.744,0.837
2001-233,8/21/2001,8/28/2001,STD,0.76,729530,0.775,756384,-0.015,0.737,0.815
2001-241,8/29/2001,9/5/2001,STD,0.708,690992,0.728,756385,-0.02,0.693,0.772
2001-249,9/6/2001,9/13/2001,STD,0.632,725714,0.664,756385,-0.032,0.632,0.722
2001-257,9/14/2001,9/21/2001,STD,0.531,714275,0.584,756385,-0.053,0.531,0.654
2001-265,9/22/2001,9/29/2001,STD,0.419,594267,0.514,756294,-0.095,0.419,0.568
2001-273,9/30/2001,10/7/2001,STD,0.341,701092,0.427,756384,-0.086,0.341,0.518
2001-281,10/8/2001,10/15/2001,STD,0.289,700903,0.351,755733,-0.062,0.289,0.442
2001-289,10/16/2001,10/23/2001,STD,0.269,712429,0.29,755382,-0.021,0.266,0.334
2001-297,10/24/2001,10/31/2001,STD,0.251,719450,0.26,755715,-0.009,0.245,0.301
2001-305,11/1/2001,11/8/2001,STD,0.238,560401,0.25,755692,-0.012,0.233,0.279
2001-313,11/9/2001,11/16/2001,STD,0.235,719130,0.243,755855,-0.008,0.226,0.268
2001-321,11/17/2001,11/24/2001,STD,0.228,630583,0.242,755788,-0.014,0.209,0.29
2001-329,11/25/2001,12/2/2001,STD,0.215,356950,0.248,754820,-0.033,0.215,0.293
2001-337,12/3/2001,12/10/2001,STD,0.21,365942,0.249,751599,-0.039,0.21,0.312
2001-345,12/11/2001,12/18/2001,STD,0.238,290796,0.264,652383,-0.026,0.212,0.316
2001-353,12/19/2001,12/26/2001,STD,0.29,293487,0.27,645790,0.02,0.221,0.36
2001-361,12/27/2001,1/3/2002,STD,0.27,280835,0.282,470816,-0.012,0.172,0.362
2002-001,1/1/2002,1/8/2002,STD,0.269,257762,0.281,380225,-0.012,0.204,0.466
2002-009,1/9/2002,1/16/2002,STD,0.301,188797,0.288,372891,0.013,0.207,0.371
2002-017,1/17/2002,1/24/2002,STD,0.305,251541,0.271,430377,0.034,0.155,0.349
2002-025,1/25/2002,2/1/2002,STD,0.282,231194,0.261,471734,0.021,0.202,0.396
2002-033,2/2/2002,2/9/2002,STD,0.27,200159,0.247,436303,0.023,0.161,0.375
2002-041,2/10/2002,2/17/2002,STD,0.258,309296,0.261,443823,-0.003,0.151,0.383
2002-049,2/18/2002,2/25/2002,STD,0.289,358237,0.273,520937,0.016,0.198,0.369
2002-057,2/26/2002,3/5/2002,STD,0.188,400581,0.259,643239,-0.071,0.18,0.373
2002-065,3/6/2002,3/13/2002,STD,0.252,670971,0.279,742029,-0.027,0.217,0.364
2002-073,3/14/2002,3/21/2002,STD,0.27,686939,0.267,755847,0.003,0.233,0.403
2002-081,3/22/2002,3/29/2002,STD,0.204,332620,0.275,756116,-0.071,0.204,0.329
2002-089,3/30/2002,4/6/2002,STD,0.263,728534,0.279,756336,-0.016,0.255,0.314
2002-097,4/7/2002,4/14/2002,STD,0.303,555655,0.282,756381,0.021,0.236,0.314
2002-105,4/15/2002,4/22/2002,STD,0.243,463292,0.285,756337,-0.042,0.243,0.312
2002-113,4/23/2002,4/30/2002,STD,0.233,563469,0.299,756380,-0.066,0.233,0.338
2002-121,5/1/2002,5/8/2002,STD,0.264,648696,0.298,756163,-0.034,0.259,0.328
2002-129,5/9/2002,5/16/2002,STD,0.281,623853,0.298,756364,-0.017,0.276,0.313
2002-137,5/17/2002,5/24/2002,STD,0.304,712846,0.303,756382,0.001,0.277,0.334
2002-145,5/25/2002,6/1/2002,STD,0.321,747772,0.306,756384,0.015,0.27,0.334
2002-153,6/2/2002,6/9/2002,STD,0.341,744769,0.331,756367,0.01,0.299,0.375
2002-161,6/10/2002,6/17/2002,STD,0.408,642848,0.394,756372,0.014,0.342,0.484
2002-169,6/18/2002,6/25/2002,STD,0.478,650981,0.51,756340,-0.032,0.449,0.606
2002-177,6/26/2002,7/3/2002,STD,0.566,650559,0.629,756171,-0.063,0.549,0.761
2002-185,7/4/2002,7/11/2002,STD,0.669,745792,0.724,756381,-0.055,0.634,0.82
2002-193,7/12/2002,7/19/2002,STD,0.747,540843,0.786,756384,-0.039,0.687,0.853
2002-201,7/20/2002,7/27/2002,STD,0.807,591224,0.82,756385,-0.013,0.739,0.87
2002-209,7/28/2002,8/4/2002,STD,0.826,709379,0.835,756384,-0.009,0.78,0.867
2002-217,8/5/2002,8/12/2002,STD,0.814,671227,0.833,756384,-0.019,0.803,0.86
2002-225,8/13/2002,8/20/2002,STD,0.805,520957,0.812,756384,-0.007,0.744,0.837
2002-233,8/21/2002,8/28/2002,STD,0.776,559150,0.775,756384,0.001,0.737,0.815
2002-241,8/29/2002,9/5/2002,STD,0.747,754893,0.728,756385,0.019,0.693,0.772
2002-249,9/6/2002,9/13/2002,STD,0.684,715292,0.664,756385,0.02,0.632,0.722
2002-257,9/14/2002,9/21/2002,STD,0.587,693702,0.584,756385,0.003,0.531,0.654
2002-265,9/22/2002,9/29/2002,STD,0.516,729485,0.514,756294,0.002,0.419,0.568
2002-273,9/30/2002,10/7/2002,STD,0.404,599975,0.427,756384,-0.023,0.341,0.518
2002-281,10/8/2002,10/15/2002,STD,0.333,722475,0.351,755733,-0.018,0.289,0.442
2002-289,10/16/2002,10/23/2002,STD,0.271,655731,0.29,755382,-0.019,0.266,0.334
2002-297,10/24/2002,10/31/2002,STD,0.252,506391,0.26,755715,-0.008,0.245,0.301
2002-305,11/1/2002,11/8/2002,STD,0.238,450802,0.25,755692,-0.012,0.233,0.279
2002-313,11/9/2002,11/16/2002,STD,0.23,351658,0.243,755855,-0.013,0.226,0.268
2002-321,11/17/2002,11/24/2002,STD,0.226,187817,0.242,755788,-0.016,0.209,0.29
2002-329,11/25/2002,12/2/2002,STD,0.259,158381,0.248,754820,0.011,0.215,0.293
2002-337,12/3/2002,12/10/2002,STD,0.235,247081,0.249,751599,-0.014,0.21,0.312
2002-345,12/11/2002,12/18/2002,STD,0.212,258823,0.264,652383,-0.052,0.212,0.316
2002-353,12/19/2002,12/26/2002,STD,0.282,77919,0.27,645790,0.012,0.221,0.36
2002-361,12/27/2002,1/3/2003,STD,0.288,180776,0.282,470816,0.006,0.172,0.362
2003-001,1/1/2003,1/8/2003,STD,0.265,173526,0.281,380225,-0.016,0.204,0.466
2003-009,1/9/2003,1/16/2003,STD,0.228,137157,0.288,372891,-0.06,0.207,0.371
2003-017,1/17/2003,1/24/2003,STD,0.228,209308,0.271,430377,-0.043,0.155,0.349
2003-025,1/25/2003,2/1/2003,STD,0.276,191140,0.261,471734,0.015,0.202,0.396
2003-033,2/2/2003,2/9/2003,STD,0.256,241159,0.247,436303,0.009,0.161,0.375
2003-041,2/10/2003,2/17/2003,STD,0.2,194821,0.261,443823,-0.061,0.151,0.383
2003-049,2/18/2003,2/25/2003,STD,0.239,294521,0.273,520937,-0.034,0.198,0.369
2003-057,2/26/2003,3/5/2003,STD,0.18,263871,0.259,643239,-0.079,0.18,0.373
2003-065,3/6/2003,3/13/2003,STD,0.233,478692,0.279,742029,-0.046,0.217,0.364
2003-073,3/14/2003,3/21/2003,STD,0.248,638075,0.267,755847,-0.019,0.233,0.403
2003-081,3/22/2003,3/29/2003,STD,0.259,700394,0.275,756116,-0.016,0.204,0.329
2003-089,3/30/2003,4/6/2003,STD,0.274,705101,0.279,756336,-0.005,0.255,0.314
2003-097,4/7/2003,4/14/2003,STD,0.266,680601,0.282,756381,-0.016,0.236,0.314
2003-105,4/15/2003,4/22/2003,STD,0.284,720266,0.285,756337,-0.001,0.243,0.312
2003-113,4/23/2003,4/30/2003,STD,0.299,710699,0.299,756380,0,0.233,0.338
2003-121,5/1/2003,5/8/2003,STD,0.311,610944,0.298,756163,0.013,0.259,0.328
2003-129,5/9/2003,5/16/2003,STD,0.305,642411,0.298,756364,0.007,0.276,0.313
2003-137,5/17/2003,5/24/2003,STD,0.277,632046,0.303,756382,-0.026,0.277,0.334
2003-145,5/25/2003,6/1/2003,STD,0.315,729179,0.306,756384,0.009,0.27,0.334
2003-153,6/2/2003,6/9/2003,STD,0.301,709849,0.331,756367,-0.03,0.299,0.375
2003-161,6/10/2003,6/17/2003,STD,0.381,674370,0.394,756372,-0.013,0.342,0.484
2003-169,6/18/2003,6/25/2003,STD,0.449,685266,0.51,756340,-0.061,0.449,0.606
2003-177,6/26/2003,7/3/2003,STD,0.565,572480,0.629,756171,-0.064,0.549,0.761
2003-185,7/4/2003,7/11/2003,STD,0.658,580422,0.724,756381,-0.066,0.634,0.82
2003-193,7/12/2003,7/19/2003,STD,0.717,584187,0.786,756384,-0.069,0.687,0.853
2003-201,7/20/2003,7/27/2003,STD,0.739,425239,0.82,756385,-0.081,0.739,0.87
2003-209,7/28/2003,8/4/2003,STD,0.793,518372,0.835,756384,-0.042,0.78,0.867
2003-217,8/5/2003,8/12/2003,STD,0.803,577320,0.833,756384,-0.03,0.803,0.86
2003-225,8/13/2003,8/20/2003,STD,0.808,557908,0.812,756384,-0.004,0.744,0.837
2003-233,8/21/2003,8/28/2003,STD,0.781,727703,0.775,756384,0.006,0.737,0.815
2003-241,8/29/2003,9/5/2003,STD,0.745,683610,0.728,756385,0.017,0.693,0.772
2003-249,9/6/2003,9/13/2003,STD,0.68,709862,0.664,756385,0.016,0.632,0.722
2003-257,9/14/2003,9/21/2003,STD,0.597,702763,0.584,756385,0.013,0.531,0.654
2003-265,9/22/2003,9/29/2003,STD,0.506,730900,0.514,756294,-0.008,0.419,0.568
2003-273,9/30/2003,10/7/2003,STD,0.419,688627,0.427,756384,-0.008,0.341,0.518
2003-281,10/8/2003,10/15/2003,STD,0.354,651745,0.351,755733,0.003,0.289,0.442
2003-289,10/16/2003,10/23/2003,STD,0.305,721867,0.29,755382,0.015,0.266,0.334
2003-297,10/24/2003,10/31/2003,STD,0.263,703346,0.26,755715,0.003,0.245,0.301
2003-305,11/1/2003,11/8/2003,STD,0.238,593074,0.25,755692,-0.012,0.233,0.279
2003-313,11/9/2003,11/16/2003,STD,0.238,584054,0.243,755855,-0.005,0.226,0.268
2003-321,11/17/2003,11/24/2003,STD,0.233,624512,0.242,755788,-0.009,0.209,0.29
2003-329,11/25/2003,12/2/2003,STD,0.269,161547,0.248,754820,0.021,0.215,0.293
2003-337,12/3/2003,12/10/2003,STD,0.272,200404,0.249,751599,0.023,0.21,0.312
2003-345,12/11/2003,12/18/2003,STD,0.294,182733,0.264,652383,0.03,0.212,0.316
2003-353,12/19/2003,12/26/2003,STD,0.268,167988,0.27,645790,-0.002,0.221,0.36
2003-361,12/27/2003,1/3/2004,STD,0.241,154316,0.282,470816,-0.041,0.172,0.362
2004-001,1/1/2004,1/8/2004,STD,0.239,176070,0.281,380225,-0.042,0.204,0.466
2004-009,1/9/2004,1/16/2004,STD,0.279,204932,0.288,372891,-0.009,0.207,0.371
2004-017,1/17/2004,1/24/2004,STD,0.273,225584,0.271,430377,0.002,0.155,0.349
2004-025,1/25/2004,2/1/2004,STD,0.244,179009,0.261,471734,-0.017,0.202,0.396
2004-033,2/2/2004,2/9/2004,STD,0.25,192638,0.247,436303,0.003,0.161,0.375
2004-041,2/10/2004,2/17/2004,STD,0.242,220638,0.261,443823,-0.019,0.151,0.383
2004-049,2/18/2004,2/25/2004,STD,0.274,182615,0.273,520937,0.001,0.198,0.369
2004-057,2/26/2004,3/4/2004,STD,0.279,292263,0.259,643239,0.02,0.18,0.373
2004-065,3/5/2004,3/12/2004,STD,0.254,440338,0.279,742029,-0.025,0.217,0.364
2004-073,3/13/2004,3/20/2004,STD,0.248,482287,0.267,755847,-0.019,0.233,0.403
2004-081,3/21/2004,3/28/2004,STD,0.257,551335,0.275,756116,-0.018,0.204,0.329
2004-089,3/29/2004,4/5/2004,STD,0.27,647607,0.279,756336,-0.009,0.255,0.314
2004-097,4/6/2004,4/13/2004,STD,0.284,696507,0.282,756381,0.002,0.236,0.314
2004-105,4/14/2004,4/21/2004,STD,0.29,696436,0.285,756337,0.005,0.243,0.312
2004-113,4/22/2004,4/29/2004,STD,0.296,723072,0.299,756380,-0.003,0.233,0.338
2004-121,4/30/2004,5/7/2004,STD,0.281,724763,0.298,756163,-0.017,0.259,0.328
2004-129,5/8/2004,5/15/2004,STD,0.295,721074,0.298,756364,-0.003,0.276,0.313
2004-137,5/16/2004,5/23/2004,STD,0.295,677093,0.303,756382,-0.008,0.277,0.334
2004-145,5/24/2004,5/31/2004,STD,0.3,715074,0.306,756384,-0.006,0.27,0.334
2004-153,6/1/2004,6/8/2004,STD,0.325,722862,0.331,756367,-0.006,0.299,0.375
2004-161,6/9/2004,6/16/2004,STD,0.342,747039,0.394,756372,-0.052,0.342,0.484
2004-169,6/17/2004,6/24/2004,STD,0.46,634956,0.51,756340,-0.05,0.449,0.606
2004-177,6/25/2004,7/2/2004,STD,0.553,634773,0.629,756171,-0.076,0.549,0.761
2004-185,7/3/2004,7/10/2004,STD,0.677,424400,0.724,756381,-0.047,0.634,0.82
2004-193,7/11/2004,7/18/2004,STD,0.747,558506,0.786,756384,-0.039,0.687,0.853
2004-201,7/19/2004,7/26/2004,STD,0.8,748703,0.82,756385,-0.02,0.739,0.87
2004-209,7/27/2004,8/3/2004,STD,0.816,649964,0.835,756384,-0.019,0.78,0.867
2004-217,8/4/2004,8/11/2004,STD,0.828,685301,0.833,756384,-0.005,0.803,0.86
2004-225,8/12/2004,8/19/2004,STD,0.804,729467,0.812,756384,-0.008,0.744,0.837
2004-233,8/20/2004,8/27/2004,STD,0.773,653675,0.775,756384,-0.002,0.737,0.815
2004-241,8/28/2004,9/4/2004,STD,0.738,589589,0.728,756385,0.01,0.693,0.772
2004-249,9/5/2004,9/12/2004,STD,0.653,714996,0.664,756385,-0.011,0.632,0.722
2004-257,9/13/2004,9/20/2004,STD,0.58,677649,0.584,756385,-0.004,0.531,0.654
2004-265,9/21/2004,9/28/2004,STD,0.502,704549,0.514,756294,-0.012,0.419,0.568
2004-273,9/29/2004,10/6/2004,STD,0.397,743878,0.427,756384,-0.03,0.341,0.518
2004-281,10/7/2004,10/14/2004,STD,0.313,687791,0.351,755733,-0.038,0.289,0.442
2004-289,10/15/2004,10/22/2004,STD,0.28,712625,0.29,755382,-0.01,0.266,0.334
2004-297,10/23/2004,10/30/2004,STD,0.25,685342,0.26,755715,-0.01,0.245,0.301
2004-305,10/31/2004,11/7/2004,STD,0.254,434465,0.25,755692,0.004,0.233,0.279
2004-313,11/8/2004,11/15/2004,STD,0.241,573615,0.243,755855,-0.002,0.226,0.268
2004-321,11/16/2004,11/23/2004,STD,0.251,611021,0.242,755788,0.009,0.209,0.29
2004-329,11/24/2004,12/1/2004,STD,0.25,694155,0.248,754820,0.002,0.215,0.293
2004-337,12/2/2004,12/9/2004,STD,0.232,589640,0.249,751599,-0.017,0.21,0.312
2004-345,12/10/2004,12/17/2004,STD,0.241,117936,0.264,652383,-0.023,0.212,0.316
2004-353,12/18/2004,12/25/2004,STD,0.36,72863,0.27,645790,0.09,0.221,0.36
2004-361,12/26/2004,1/2/2005,STD,0.362,108248,0.282,470816,0.08,0.172,0.362
2005-001,1/1/2005,1/8/2005,STD,0.395,152028,0.281,380225,0.114,0.204,0.466
2005-009,1/9/2005,1/16/2005,STD,0.371,133400,0.288,372891,0.083,0.207,0.371
2005-017,1/17/2005,1/24/2005,STD,0.349,150392,0.271,430377,0.078,0.155,0.349
2005-025,1/25/2005,2/1/2005,STD,0.305,92852,0.261,471734,0.044,0.202,0.396
2005-033,2/2/2005,2/9/2005,STD,0.32,77802,0.247,436303,0.073,0.161,0.375
2005-041,2/10/2005,2/17/2005,STD,0.298,73813,0.261,443823,0.037,0.151,0.383
2005-049,2/18/2005,2/25/2005,STD,0.339,204416,0.273,520937,0.066,0.198,0.369
2005-057,2/26/2005,3/5/2005,STD,0.304,229009,0.259,643239,0.045,0.18,0.373
2005-065,3/6/2005,3/13/2005,STD,0.288,341359,0.279,742029,0.009,0.217,0.364
2005-073,3/14/2005,3/21/2005,STD,0.262,573510,0.267,755847,-0.005,0.233,0.403
2005-081,3/22/2005,3/29/2005,STD,0.268,642693,0.275,756116,-0.007,0.204,0.329
2005-089,3/30/2005,4/6/2005,STD,0.277,641585,0.279,756336,-0.002,0.255,0.314
2005-097,4/7/2005,4/14/2005,STD,0.297,648833,0.282,756381,0.015,0.236,0.314
2005-105,4/15/2005,4/22/2005,STD,0.305,595791,0.285,756337,0.02,0.243,0.312
2005-113,4/23/2005,4/30/2005,STD,0.311,665714,0.299,756380,0.012,0.233,0.338
2005-121,5/1/2005,5/8/2005,STD,0.324,554015,0.298,756163,0.026,0.259,0.328
2005-129,5/9/2005,5/16/2005,STD,0.313,667487,0.298,756364,0.015,0.276,0.313
2005-137,5/17/2005,5/24/2005,STD,0.311,684093,0.303,756382,0.008,0.277,0.334
2005-145,5/25/2005,6/1/2005,STD,0.31,717876,0.306,756384,0.004,0.27,0.334
2005-153,6/2/2005,6/9/2005,STD,0.331,709411,0.331,756367,0,0.299,0.375
2005-161,6/10/2005,6/17/2005,STD,0.382,684888,0.394,756372,-0.012,0.342,0.484
2005-169,6/18/2005,6/25/2005,STD,0.484,719439,0.51,756340,-0.026,0.449,0.606
2005-177,6/26/2005,7/3/2005,STD,0.592,639628,0.629,756171,-0.037,0.549,0.761
2005-185,7/4/2005,7/11/2005,STD,0.728,461911,0.724,756381,0.004,0.634,0.82
2005-193,7/12/2005,7/19/2005,STD,0.76,657637,0.786,756384,-0.026,0.687,0.853
2005-201,7/20/2005,7/27/2005,STD,0.818,409125,0.82,756385,-0.002,0.739,0.87
2005-209,7/28/2005,8/4/2005,STD,0.821,256460,0.835,756384,-0.014,0.78,0.867
2005-217,8/5/2005,8/12/2005,STD,0.831,645948,0.833,756384,-0.002,0.803,0.86
2005-225,8/13/2005,8/20/2005,STD,0.811,745112,0.812,756384,-0.001,0.744,0.837
2005-233,8/21/2005,8/28/2005,STD,0.78,655643,0.775,756384,0.005,0.737,0.815
2005-241,8/29/2005,9/5/2005,STD,0.72,640494,0.728,756385,-0.008,0.693,0.772
2005-249,9/6/2005,9/13/2005,STD,0.632,745269,0.664,756385,-0.032,0.632,0.722
2005-257,9/14/2005,9/21/2005,STD,0.551,716283,0.584,756385,-0.033,0.531,0.654
2005-265,9/22/2005,9/29/2005,STD,0.478,650655,0.514,756294,-0.036,0.419,0.568
2005-273,9/30/2005,10/7/2005,STD,0.402,666136,0.427,756384,-0.025,0.341,0.518
2005-281,10/8/2005,10/15/2005,STD,0.343,678189,0.351,755733,-0.008,0.289,0.442
2005-289,10/16/2005,10/23/2005,STD,0.281,730880,0.29,755382,-0.009,0.266,0.334
2005-297,10/24/2005,10/31/2005,STD,0.245,665823,0.26,755715,-0.015,0.245,0.301
2005-305,11/1/2005,11/8/2005,STD,0.24,662872,0.25,755692,-0.01,0.233,0.279
2005-313,11/9/2005,11/16/2005,STD,0.237,599164,0.243,755855,-0.006,0.226,0.268
2005-321,11/17/2005,11/24/2005,STD,0.242,639151,0.242,755788,0,0.209,0.29
2005-329,11/25/2005,12/2/2005,STD,0.241,475134,0.248,754820,-0.007,0.215,0.293
2005-337,12/3/2005,12/10/2005,STD,0.267,260751,0.249,751599,0.018,0.21,0.312
2005-345,12/11/2005,12/18/2005,STD,0.268,207970,0.264,652383,0.004,0.212,0.316
2005-353,12/19/2005,12/26/2005,STD,0.261,179620,0.27,645790,-0.009,0.221,0.36
2005-361,12/27/2005,1/3/2006,STD,0.172,33896,0.282,470816,-0.11,0.172,0.362
2006-001,1/1/2006,1/8/2006,STD,0.239,121338,0.281,380225,-0.042,0.204,0.466
2006-009,1/9/2006,1/16/2006,STD,0.255,165463,0.288,372891,-0.033,0.207,0.371
2006-017,1/17/2006,1/24/2006,STD,0.29,109288,0.271,430377,0.019,0.155,0.349
2006-025,1/25/2006,2/1/2006,STD,0.283,154212,0.261,471734,0.022,0.202,0.396
2006-033,2/2/2006,2/9/2006,STD,0.272,83846,0.247,436303,0.025,0.161,0.375
2006-041,2/10/2006,2/17/2006,STD,0.281,211094,0.261,443823,0.02,0.151,0.383
2006-049,2/18/2006,2/25/2006,STD,0.218,258379,0.273,520937,-0.055,0.198,0.369
2006-057,2/26/2006,3/5/2006,STD,0.291,333531,0.259,643239,0.032,0.18,0.373
2006-065,3/6/2006,3/13/2006,STD,0.275,283979,0.279,742029,-0.004,0.217,0.364
2006-073,3/14/2006,3/21/2006,STD,0.251,558407,0.267,755847,-0.016,0.233,0.403
2006-081,3/22/2006,3/29/2006,STD,0.265,580574,0.275,756116,-0.01,0.204,0.329
2006-089,3/30/2006,4/6/2006,STD,0.269,619618,0.279,756336,-0.01,0.255,0.314
2006-097,4/7/2006,4/14/2006,STD,0.236,579970,0.282,756381,-0.046,0.236,0.314
2006-105,4/15/2006,4/22/2006,STD,0.277,586090,0.285,756337,-0.008,0.243,0.312
2006-113,4/23/2006,4/30/2006,STD,0.29,627502,0.299,756380,-0.009,0.233,0.338
2006-121,5/1/2006,5/8/2006,STD,0.286,678063,0.298,756163,-0.012,0.259,0.328
2006-129,5/9/2006,5/16/2006,STD,0.301,719701,0.298,756364,0.003,0.276,0.313
2006-137,5/17/2006,5/24/2006,STD,0.3,736297,0.303,756382,-0.003,0.277,0.334
2006-145,5/25/2006,6/1/2006,STD,0.309,717210,0.306,756384,0.003,0.27,0.334
2006-153,6/2/2006,6/9/2006,STD,0.337,621992,0.331,756367,0.006,0.299,0.375
2006-161,6/10/2006,6/17/2006,STD,0.375,508240,0.394,756372,-0.019,0.342,0.484
2006-169,6/18/2006,6/25/2006,STD,0.478,630891,0.51,756340,-0.032,0.449,0.606
2006-177,6/26/2006,7/3/2006,STD,0.592,642575,0.629,756171,-0.037,0.549,0.761
2006-185,7/4/2006,7/11/2006,STD,0.683,587989,0.724,756381,-0.041,0.634,0.82
2006-193,7/12/2006,7/19/2006,STD,0.766,641034,0.786,756384,-0.02,0.687,0.853
2006-201,7/20/2006,7/27/2006,STD,0.822,575527,0.82,756385,0.002,0.739,0.87
2006-209,7/28/2006,8/4/2006,STD,0.805,393417,0.835,756384,-0.03,0.78,0.867
2006-217,8/5/2006,8/12/2006,STD,0.823,530699,0.833,756384,-0.01,0.803,0.86
2006-225,8/13/2006,8/20/2006,STD,0.818,738119,0.812,756384,0.006,0.744,0.837
2006-233,8/21/2006,8/28/2006,STD,0.78,656628,0.775,756384,0.005,0.737,0.815
2006-241,8/29/2006,9/5/2006,STD,0.724,607107,0.728,756385,-0.004,0.693,0.772
2006-249,9/6/2006,9/13/2006,STD,0.671,698198,0.664,756385,0.007,0.632,0.722
2006-257,9/14/2006,9/21/2006,STD,0.579,702974,0.584,756385,-0.005,0.531,0.654
2006-265,9/22/2006,9/29/2006,STD,0.509,658327,0.514,756294,-0.005,0.419,0.568
2006-273,9/30/2006,10/7/2006,STD,0.426,709286,0.427,756384,-0.001,0.341,0.518
2006-281,10/8/2006,10/15/2006,STD,0.345,646189,0.351,755733,-0.006,0.289,0.442
2006-289,10/16/2006,10/23/2006,STD,0.284,640860,0.29,755382,-0.006,0.266,0.334
2006-297,10/24/2006,10/31/2006,STD,0.26,652568,0.26,755715,0,0.245,0.301
2006-305,11/1/2006,11/8/2006,STD,0.26,699231,0.25,755692,0.01,0.233,0.279
2006-313,11/9/2006,11/16/2006,STD,0.25,505773,0.243,755855,0.007,0.226,0.268
2006-321,11/17/2006,11/24/2006,STD,0.223,351905,0.242,755788,-0.019,0.209,0.29
2006-329,11/25/2006,12/2/2006,STD,0.293,262149,0.248,754820,0.045,0.215,0.293
2006-337,12/3/2006,12/10/2006,STD,0.271,153432,0.249,751599,0.022,0.21,0.312
2006-345,12/11/2006,12/18/2006,STD,0.277,328806,0.264,652383,0.013,0.212,0.316
2006-353,12/19/2006,12/26/2006,STD,0.266,275126,0.27,645790,-0.004,0.221,0.36
2006-361,12/27/2006,1/3/2007,STD,0.275,304955,0.282,470816,-0.007,0.172,0.362
2007-001,1/1/2007,1/8/2007,STD,0.292,238860,0.281,380225,0.011,0.204,0.466
2007-009,1/9/2007,1/16/2007,STD,0.266,270771,0.288,372891,-0.022,0.207,0.371
2007-017,1/17/2007,1/24/2007,STD,0.201,183780,0.271,430377,-0.07,0.155,0.349
2007-025,1/25/2007,2/1/2007,STD,0.244,369390,0.261,471734,-0.017,0.202,0.396
2007-033,2/2/2007,2/9/2007,STD,0.22,249418,0.247,436303,-0.027,0.161,0.375
2007-041,2/10/2007,2/17/2007,STD,0.286,283522,0.261,443823,0.025,0.151,0.383
2007-049,2/18/2007,2/25/2007,STD,0.295,291090,0.273,520937,0.022,0.198,0.369
2007-057,2/26/2007,3/5/2007,STD,0.302,282609,0.259,643239,0.043,0.18,0.373
2007-065,3/6/2007,3/13/2007,STD,0.346,302611,0.279,742029,0.067,0.217,0.364
2007-073,3/14/2007,3/21/2007,STD,0.289,364371,0.267,755847,0.022,0.233,0.403
2007-081,3/22/2007,3/29/2007,STD,0.313,443142,0.275,756116,0.038,0.204,0.329
2007-089,3/30/2007,4/6/2007,STD,0.292,587404,0.279,756336,0.013,0.255,0.314
2007-097,4/7/2007,4/14/2007,STD,0.31,607775,0.282,756381,0.028,0.236,0.314
2007-105,4/15/2007,4/22/2007,STD,0.308,657801,0.285,756337,0.023,0.243,0.312
2007-113,4/23/2007,4/30/2007,STD,0.303,696821,0.299,756380,0.004,0.233,0.338
2007-121,5/1/2007,5/8/2007,STD,0.299,737718,0.298,756163,0.001,0.259,0.328
2007-129,5/9/2007,5/16/2007,STD,0.313,605706,0.298,756364,0.015,0.276,0.313
2007-137,5/17/2007,5/24/2007,STD,0.313,693586,0.303,756382,0.01,0.277,0.334
2007-145,5/25/2007,6/1/2007,STD,0.303,725378,0.306,756384,-0.003,0.27,0.334
2007-153,6/2/2007,6/9/2007,STD,0.336,706469,0.331,756367,0.005,0.299,0.375
2007-161,6/10/2007,6/17/2007,STD,0.394,673365,0.394,756372,0,0.342,0.484
2007-169,6/18/2007,6/25/2007,STD,0.521,678826,0.51,756340,0.011,0.449,0.606
2007-177,6/26/2007,7/3/2007,STD,0.654,599626,0.629,756171,0.025,0.549,0.761
2007-185,7/4/2007,7/11/2007,STD,0.717,559212,0.724,756381,-0.007,0.634,0.82
2007-193,7/12/2007,7/19/2007,STD,0.781,702470,0.786,756384,-0.005,0.687,0.853
2007-201,7/20/2007,7/27/2007,STD,0.807,744820,0.82,756385,-0.013,0.739,0.87
2007-209,7/28/2007,8/4/2007,STD,0.819,746932,0.835,756384,-0.016,0.78,0.867
2007-217,8/5/2007,8/12/2007,STD,0.813,616233,0.833,756384,-0.02,0.803,0.86
2007-225,8/13/2007,8/20/2007,STD,0.806,601597,0.812,756384,-0.006,0.744,0.837
2007-233,8/21/2007,8/28/2007,STD,0.758,666578,0.775,756384,-0.017,0.737,0.815
2007-241,8/29/2007,9/5/2007,STD,0.697,704978,0.728,756385,-0.031,0.693,0.772
2007-249,9/6/2007,9/13/2007,STD,0.65,693701,0.664,756385,-0.014,0.632,0.722
2007-257,9/14/2007,9/21/2007,STD,0.566,597324,0.584,756385,-0.018,0.531,0.654
2007-265,9/22/2007,9/29/2007,STD,0.535,691505,0.514,756294,0.021,0.419,0.568
2007-273,9/30/2007,10/7/2007,STD,0.417,715624,0.427,756384,-0.01,0.341,0.518
2007-281,10/8/2007,10/15/2007,STD,0.339,660410,0.351,755733,-0.012,0.289,0.442
2007-289,10/16/2007,10/23/2007,STD,0.288,697514,0.29,755382,-0.002,0.266,0.334
2007-297,10/24/2007,10/31/2007,STD,0.247,588463,0.26,755715,-0.013,0.245,0.301
2007-305,11/1/2007,11/8/2007,STD,0.253,690522,0.25,755692,0.003,0.233,0.279
2007-313,11/9/2007,11/16/2007,STD,0.227,574373,0.243,755855,-0.016,0.226,0.268
2007-321,11/17/2007,11/24/2007,STD,0.239,664614,0.242,755788,-0.003,0.209,0.29
2007-329,11/25/2007,12/2/2007,STD,0.235,647828,0.248,754820,-0.013,0.215,0.293
2007-337,12/3/2007,12/10/2007,STD,0.23,535555,0.249,751599,-0.019,0.21,0.312
2007-345,12/11/2007,12/18/2007,STD,0.223,350058,0.264,652383,-0.041,0.212,0.316
2007-353,12/19/2007,12/26/2007,STD,0.221,320130,0.27,645790,-0.049,0.221,0.36
2007-361,12/27/2007,1/3/2008,STD,0.335,174818,0.282,470816,0.053,0.172,0.362
2008-001,1/1/2008,1/8/2008,STD,0.32,184789,0.281,380225,0.039,0.204,0.466
2008-009,1/9/2008,1/16/2008,STD,0.207,38409,0.288,372891,-0.081,0.207,0.371
2008-017,1/17/2008,1/24/2008,STD,0.23,95853,0.271,430377,-0.041,0.155,0.349
2008-025,1/25/2008,2/1/2008,STD,0.213,94623,0.261,471734,-0.048,0.202,0.396
2008-033,2/2/2008,2/9/2008,STD,0.269,180291,0.247,436303,0.022,0.161,0.375
2008-041,2/10/2008,2/17/2008,STD,0.269,252690,0.261,443823,0.008,0.151,0.383
2008-049,2/18/2008,2/25/2008,STD,0.254,309262,0.273,520937,-0.019,0.198,0.369
2008-057,2/26/2008,3/4/2008,STD,0.247,491182,0.259,643239,-0.012,0.18,0.373
2008-065,3/5/2008,3/12/2008,STD,0.24,656094,0.279,742029,-0.039,0.217,0.364
2008-073,3/13/2008,3/20/2008,STD,0.257,683827,0.267,755847,-0.01,0.233,0.403
2008-081,3/21/2008,3/28/2008,STD,0.329,432273,0.275,756116,0.054,0.204,0.329
2008-089,3/29/2008,4/5/2008,STD,0.275,644784,0.279,756336,-0.004,0.255,0.314
2008-097,4/6/2008,4/13/2008,STD,0.28,667313,0.282,756381,-0.002,0.236,0.314
2008-105,4/14/2008,4/21/2008,STD,0.29,715448,0.285,756337,0.005,0.243,0.312
2008-113,4/22/2008,4/29/2008,STD,0.338,605114,0.299,756380,0.039,0.233,0.338
2008-121,4/30/2008,5/7/2008,STD,0.325,658145,0.298,756163,0.027,0.259,0.328
2008-129,5/8/2008,5/15/2008,STD,0.311,729120,0.298,756364,0.013,0.276,0.313
2008-137,5/16/2008,5/23/2008,STD,0.334,684665,0.303,756382,0.031,0.277,0.334
2008-145,5/24/2008,5/31/2008,STD,0.302,572614,0.306,756384,-0.004,0.27,0.334
2008-153,6/1/2008,6/8/2008,STD,0.331,678240,0.331,756367,0,0.299,0.375
2008-161,6/9/2008,6/16/2008,STD,0.347,601254,0.394,756372,-0.047,0.342,0.484
2008-169,6/17/2008,6/24/2008,STD,0.482,543728,0.51,756340,-0.028,0.449,0.606
2008-177,6/25/2008,7/2/2008,STD,0.581,642216,0.629,756171,-0.048,0.549,0.761
2008-185,7/3/2008,7/10/2008,STD,0.726,671080,0.724,756381,0.002,0.634,0.82
2008-193,7/11/2008,7/18/2008,STD,0.796,638795,0.786,756384,0.01,0.687,0.853
2008-201,7/19/2008,7/26/2008,STD,0.841,645721,0.82,756385,0.021,0.739,0.87
2008-209,7/27/2008,8/3/2008,STD,0.851,712541,0.835,756384,0.016,0.78,0.867
2008-217,8/4/2008,8/11/2008,STD,0.842,649179,0.833,756384,0.009,0.803,0.86
2008-225,8/12/2008,8/19/2008,STD,0.813,653826,0.812,756384,0.001,0.744,0.837
2008-233,8/20/2008,8/27/2008,STD,0.782,626074,0.775,756384,0.007,0.737,0.815
2008-241,8/28/2008,9/4/2008,STD,0.724,646407,0.728,756385,-0.004,0.693,0.772
2008-249,9/5/2008,9/12/2008,STD,0.667,656172,0.664,756385,0.003,0.632,0.722
2008-257,9/13/2008,9/20/2008,STD,0.571,638176,0.584,756385,-0.013,0.531,0.654
2008-265,9/21/2008,9/28/2008,STD,0.474,526687,0.514,756294,-0.04,0.419,0.568
2008-273,9/29/2008,10/6/2008,STD,0.387,580724,0.427,756384,-0.04,0.341,0.518
2008-281,10/7/2008,10/14/2008,STD,0.316,545975,0.351,755733,-0.035,0.289,0.442
2008-289,10/15/2008,10/22/2008,STD,0.286,646987,0.29,755382,-0.004,0.266,0.334
2008-297,10/23/2008,10/30/2008,STD,0.259,685636,0.26,755715,-0.001,0.245,0.301
2008-305,10/31/2008,11/7/2008,STD,0.234,599362,0.25,755692,-0.016,0.233,0.279
2008-313,11/8/2008,11/15/2008,STD,0.256,591963,0.243,755855,0.013,0.226,0.268
2008-321,11/16/2008,11/23/2008,STD,0.269,363194,0.242,755788,0.027,0.209,0.29
2008-329,11/24/2008,12/1/2008,STD,0.269,351160,0.248,754820,0.021,0.215,0.293
2008-337,12/2/2008,12/9/2008,STD,0.256,304682,0.249,751599,0.007,0.21,0.312
2008-345,12/10/2008,12/17/2008,STD,0.257,220113,0.264,652383,-0.007,0.212,0.316
2008-353,12/18/2008,12/25/2008,STD,0.253,270179,0.27,645790,-0.017,0.221,0.36
2008-361,12/26/2008,1/2/2009,STD,0.311,186623,0.282,470816,0.029,0.172,0.362
2009-001,1/1/2009,1/8/2009,STD,0.307,184268,0.281,380225,0.026,0.204,0.466
2009-009,1/9/2009,1/16/2009,STD,0.304,207389,0.288,372891,0.016,0.207,0.371
2009-017,1/17/2009,1/24/2009,STD,0.266,184836,0.271,430377,-0.005,0.155,0.349
2009-025,1/25/2009,2/1/2009,STD,0.266,182312,0.261,471734,0.005,0.202,0.396
2009-033,2/2/2009,2/9/2009,STD,0.161,120068,0.247,436303,-0.086,0.161,0.375
2009-041,2/10/2009,2/17/2009,STD,0.253,275013,0.261,443823,-0.008,0.151,0.383
2009-049,2/18/2009,2/25/2009,STD,0.265,163129,0.273,520937,-0.008,0.198,0.369
2009-057,2/26/2009,3/5/2009,STD,0.227,165184,0.259,643239,-0.032,0.18,0.373
2009-065,3/6/2009,3/13/2009,STD,0.281,288652,0.279,742029,0.002,0.217,0.364
2009-073,3/14/2009,3/21/2009,STD,0.295,411530,0.267,755847,0.028,0.233,0.403
2009-081,3/22/2009,3/29/2009,STD,0.328,347890,0.275,756116,0.053,0.204,0.329
2009-089,3/30/2009,4/6/2009,STD,0.269,634632,0.279,756336,-0.01,0.255,0.314
2009-097,4/7/2009,4/14/2009,STD,0.29,703636,0.282,756381,0.008,0.236,0.314
2009-105,4/15/2009,4/22/2009,STD,0.296,703925,0.285,756337,0.011,0.243,0.312
2009-113,4/23/2009,4/30/2009,STD,0.297,720454,0.299,756380,-0.002,0.233,0.338
2009-121,5/1/2009,5/8/2009,STD,0.309,738234,0.298,756163,0.011,0.259,0.328
2009-129,5/9/2009,5/16/2009,STD,0.304,731585,0.298,756364,0.006,0.276,0.313
2009-137,5/17/2009,5/24/2009,STD,0.303,737105,0.303,756382,0,0.277,0.334
2009-145,5/25/2009,6/1/2009,STD,0.308,675014,0.306,756384,0.002,0.27,0.334
2009-153,6/2/2009,6/9/2009,STD,0.328,606678,0.331,756367,-0.003,0.299,0.375
2009-161,6/10/2009,6/17/2009,STD,0.391,562601,0.394,756372,-0.003,0.342,0.484
2009-169,6/18/2009,6/25/2009,STD,0.456,682939,0.51,756340,-0.054,0.449,0.606
2009-177,6/26/2009,7/3/2009,STD,0.549,608651,0.629,756171,-0.08,0.549,0.761
2009-185,7/4/2009,7/11/2009,STD,0.676,661486,0.724,756381,-0.048,0.634,0.82
2009-193,7/12/2009,7/19/2009,STD,0.787,564817,0.786,756384,0.001,0.687,0.853
2009-201,7/20/2009,7/27/2009,STD,0.802,535501,0.82,756385,-0.018,0.739,0.87
2009-209,7/28/2009,8/4/2009,STD,0.839,549088,0.835,756384,0.004,0.78,0.867
2009-217,8/5/2009,8/12/2009,STD,0.84,623180,0.833,756384,0.007,0.803,0.86
2009-225,8/13/2009,8/20/2009,STD,0.829,557147,0.812,756384,0.017,0.744,0.837
2009-233,8/21/2009,8/28/2009,STD,0.803,686366,0.775,756384,0.028,0.737,0.815
2009-241,8/29/2009,9/5/2009,STD,0.764,696045,0.728,756385,0.036,0.693,0.772
2009-249,9/6/2009,9/13/2009,STD,0.686,700264,0.664,756385,0.022,0.632,0.722
2009-257,9/14/2009,9/21/2009,STD,0.621,677616,0.584,756385,0.037,0.531,0.654
2009-265,9/22/2009,9/29/2009,STD,0.52,548875,0.514,756294,0.006,0.419,0.568
2009-273,9/30/2009,10/7/2009,STD,0.454,702357,0.427,756384,0.027,0.341,0.518
2009-281,10/8/2009,10/15/2009,STD,0.367,613780,0.351,755733,0.016,0.289,0.442
2009-289,10/16/2009,10/23/2009,STD,0.292,666755,0.29,755382,0.002,0.266,0.334
2009-297,10/24/2009,10/31/2009,STD,0.255,652598,0.26,755715,-0.005,0.245,0.301
2009-305,11/1/2009,11/8/2009,STD,0.25,652705,0.25,755692,0,0.233,0.279
2009-313,11/9/2009,11/16/2009,STD,0.226,424147,0.243,755855,-0.017,0.226,0.268
2009-321,11/17/2009,11/24/2009,STD,0.267,193474,0.242,755788,0.025,0.209,0.29
2009-329,11/25/2009,12/2/2009,STD,0.223,37362,0.248,754820,-0.025,0.215,0.293
2009-337,12/3/2009,12/10/2009,STD,0.271,192600,0.249,751599,0.022,0.21,0.312
2009-345,12/11/2009,12/18/2009,STD,0.275,77046,0.264,652383,0.011,0.212,0.316
2009-353,12/19/2009,12/26/2009,STD,0.313,170463,0.27,645790,0.043,0.221,0.36
2009-361,12/27/2009,1/3/2010,STD,0.259,124377,0.282,470816,-0.023,0.172,0.362
2010-001,1/1/2010,1/8/2010,STD,0.265,116562,0.281,380225,-0.016,0.204,0.466
2010-009,1/9/2010,1/16/2010,STD,0.293,156539,0.288,372891,0.005,0.207,0.371
2010-017,1/17/2010,1/24/2010,STD,0.242,92827,0.271,430377,-0.029,0.155,0.349
2010-025,1/25/2010,2/1/2010,STD,0.234,107399,0.261,471734,-0.027,0.202,0.396
2010-033,2/2/2010,2/9/2010,STD,0.161,36869,0.247,436303,-0.086,0.161,0.375
2010-041,2/10/2010,2/17/2010,STD,0.151,54321,0.261,443823,-0.11,0.151,0.383
2010-049,2/18/2010,2/25/2010,STD,0.315,197238,0.273,520937,0.042,0.198,0.369
2010-057,2/26/2010,3/5/2010,STD,0.23,80461,0.259,643239,-0.029,0.18,0.373
2010-065,3/6/2010,3/13/2010,STD,0.341,227007,0.279,742029,0.062,0.217,0.364
2010-073,3/14/2010,3/21/2010,STD,0.321,247239,0.267,755847,0.054,0.233,0.403
2010-081,3/22/2010,3/29/2010,STD,0.277,290161,0.275,756116,0.002,0.204,0.329
2010-089,3/30/2010,4/6/2010,STD,0.31,396381,0.279,756336,0.031,0.255,0.314
2010-097,4/7/2010,4/14/2010,STD,0.27,483348,0.282,756381,-0.012,0.236,0.314
2010-105,4/15/2010,4/22/2010,STD,0.251,530717,0.285,756337,-0.034,0.243,0.312
2010-113,4/23/2010,4/30/2010,STD,0.306,609294,0.299,756380,0.007,0.233,0.338
2010-121,5/1/2010,5/8/2010,STD,0.309,680194,0.298,756163,0.011,0.259,0.328
2010-129,5/9/2010,5/16/2010,STD,0.309,685653,0.298,756364,0.011,0.276,0.313
2010-137,5/17/2010,5/24/2010,STD,0.317,726408,0.303,756382,0.014,0.277,0.334
2010-145,5/25/2010,6/1/2010,STD,0.334,736598,0.306,756384,0.028,0.27,0.334
2010-153,6/2/2010,6/9/2010,STD,0.345,711057,0.331,756367,0.014,0.299,0.375
2010-161,6/10/2010,6/17/2010,STD,0.396,641868,0.394,756372,0.002,0.342,0.484
2010-169,6/18/2010,6/25/2010,STD,0.526,703537,0.51,756340,0.016,0.449,0.606
2010-177,6/26/2010,7/3/2010,STD,0.613,628453,0.629,756171,-0.016,0.549,0.761
2010-185,7/4/2010,7/11/2010,STD,0.731,506039,0.724,756381,0.007,0.634,0.82
2010-193,7/12/2010,7/19/2010,STD,0.801,602584,0.786,756384,0.015,0.687,0.853
2010-201,7/20/2010,7/27/2010,STD,0.833,502170,0.82,756385,0.013,0.739,0.87
2010-209,7/28/2010,8/4/2010,STD,0.835,696965,0.835,756384,0,0.78,0.867
2010-217,8/5/2010,8/12/2010,STD,0.821,645730,0.833,756384,-0.012,0.803,0.86
2010-225,8/13/2010,8/20/2010,STD,0.794,740613,0.812,756384,-0.018,0.744,0.837
2010-233,8/21/2010,8/28/2010,STD,0.751,689706,0.775,756384,-0.024,0.737,0.815
2010-241,8/29/2010,9/5/2010,STD,0.707,616332,0.728,756385,-0.021,0.693,0.772
2010-249,9/6/2010,9/13/2010,STD,0.634,638350,0.664,756385,-0.03,0.632,0.722
2010-257,9/14/2010,9/21/2010,STD,0.572,701839,0.584,756385,-0.012,0.531,0.654
2010-265,9/22/2010,9/29/2010,STD,0.483,434800,0.514,756294,-0.031,0.419,0.568
2010-273,9/30/2010,10/7/2010,STD,0.397,689966,0.427,756384,-0.03,0.341,0.518
2010-281,10/8/2010,10/15/2010,STD,0.296,504773,0.351,755733,-0.055,0.289,0.442
2010-289,10/16/2010,10/23/2010,STD,0.288,692153,0.29,755382,-0.002,0.266,0.334
2010-297,10/24/2010,10/31/2010,STD,0.254,692500,0.26,755715,-0.006,0.245,0.301
2010-305,11/1/2010,11/8/2010,STD,0.233,676991,0.25,755692,-0.017,0.233,0.279
2010-313,11/9/2010,11/16/2010,STD,0.231,431469,0.243,755855,-0.012,0.226,0.268
2010-321,11/17/2010,11/24/2010,STD,0.233,312456,0.242,755788,-0.009,0.209,0.29
2010-329,11/25/2010,12/2/2010,STD,0.232,177064,0.248,754820,-0.016,0.215,0.293
2010-337,12/3/2010,12/10/2010,STD,0.226,187596,0.249,751599,-0.023,0.21,0.312
2010-345,12/11/2010,12/18/2010,STD,0.277,185249,0.264,652383,0.013,0.212,0.316
2010-353,12/19/2010,12/26/2010,STD,0.268,117893,0.27,645790,-0.002,0.221,0.36
2010-361,12/27/2010,1/3/2011,STD,0.293,154903,0.282,470816,0.011,0.172,0.362
2011-001,1/1/2011,1/8/2011,STD,0.245,58887,0.281,380225,-0.036,0.204,0.466
2011-009,1/9/2011,1/16/2011,STD,0.268,153193,0.288,372891,-0.02,0.207,0.371
2011-017,1/17/2011,1/24/2011,STD,0.155,31220,0.271,430377,-0.116,0.155,0.349
2011-025,1/25/2011,2/1/2011,STD,0.238,146012,0.261,471734,-0.023,0.202,0.396
2011-033,2/2/2011,2/9/2011,STD,0.194,99477,0.247,436303,-0.053,0.161,0.375
2011-041,2/10/2011,2/17/2011,STD,0.225,109871,0.261,443823,-0.036,0.151,0.383
2011-049,2/18/2011,2/25/2011,STD,0.233,153412,0.273,520937,-0.04,0.198,0.369
2011-057,2/26/2011,3/5/2011,STD,0.244,137477,0.259,643239,-0.015,0.18,0.373
2011-065,3/6/2011,3/13/2011,STD,0.261,265394,0.279,742029,-0.018,0.217,0.364
2011-073,3/14/2011,3/21/2011,STD,0.244,357291,0.267,755847,-0.023,0.233,0.403
2011-081,3/22/2011,3/29/2011,STD,0.251,554324,0.275,756116,-0.024,0.204,0.329
2011-089,3/30/2011,4/6/2011,STD,0.266,663339,0.279,756336,-0.013,0.255,0.314
2011-097,4/7/2011,4/14/2011,STD,0.277,708460,0.282,756381,-0.005,0.236,0.314
2011-105,4/15/2011,4/22/2011,STD,0.288,701779,0.285,756337,0.003,0.243,0.312
2011-113,4/23/2011,4/30/2011,STD,0.299,665972,0.299,756380,0,0.233,0.338
2011-121,5/1/2011,5/8/2011,STD,0.287,669920,0.298,756163,-0.011,0.259,0.328
2011-129,5/9/2011,5/16/2011,STD,0.292,670847,0.298,756364,-0.006,0.276,0.313
2011-137,5/17/2011,5/24/2011,STD,0.297,707955,0.303,756382,-0.006,0.277,0.334
2011-145,5/25/2011,6/1/2011,STD,0.29,718641,0.306,756384,-0.016,0.27,0.334
2011-153,6/2/2011,6/9/2011,STD,0.315,661421,0.331,756367,-0.016,0.299,0.375
2011-161,6/10/2011,6/17/2011,STD,0.38,617290,0.394,756372,-0.014,0.342,0.484
2011-169,6/18/2011,6/25/2011,STD,0.509,676570,0.51,756340,-0.001,0.449,0.606
2011-177,6/26/2011,7/3/2011,STD,0.602,654799,0.629,756171,-0.027,0.549,0.761
2011-185,7/4/2011,7/11/2011,STD,0.702,667489,0.724,756381,-0.022,0.634,0.82
2011-193,7/12/2011,7/19/2011,STD,0.827,451798,0.786,756384,0.041,0.687,0.853
2011-201,7/20/2011,7/27/2011,STD,0.846,548593,0.82,756385,0.026,0.739,0.87
2011-209,7/28/2011,8/4/2011,STD,0.836,584185,0.835,756384,0.001,0.78,0.867
2011-217,8/5/2011,8/12/2011,STD,0.84,580294,0.833,756384,0.007,0.803,0.86
2011-225,8/13/2011,8/20/2011,STD,0.81,685369,0.812,756384,-0.002,0.744,0.837
2011-233,8/21/2011,8/28/2011,STD,0.754,605754,0.775,756384,-0.021,0.737,0.815
2011-241,8/29/2011,9/5/2011,STD,0.725,705134,0.728,756385,-0.003,0.693,0.772
2011-249,9/6/2011,9/13/2011,STD,0.649,588640,0.664,756385,-0.015,0.632,0.722
2011-257,9/14/2011,9/21/2011,STD,0.579,648020,0.584,756385,-0.005,0.531,0.654
2011-265,9/22/2011,9/29/2011,STD,0.532,468074,0.514,756294,0.018,0.419,0.568
2011-273,9/30/2011,10/7/2011,STD,0.394,488690,0.427,756384,-0.033,0.341,0.518
2011-281,10/8/2011,10/15/2011,STD,0.377,429441,0.351,755733,0.026,0.289,0.442
2011-289,10/16/2011,10/23/2011,STD,0.308,648863,0.29,755382,0.018,0.266,0.334
2011-297,10/24/2011,10/31/2011,STD,0.262,621397,0.26,755715,0.002,0.245,0.301
2011-305,11/1/2011,11/8/2011,STD,0.238,555736,0.25,755692,-0.012,0.233,0.279
2011-313,11/9/2011,11/16/2011,STD,0.257,562463,0.243,755855,0.014,0.226,0.268
2011-321,11/17/2011,11/24/2011,STD,0.29,315540,0.242,755788,0.048,0.209,0.29
2011-329,11/25/2011,12/2/2011,STD,0.267,286411,0.248,754820,0.019,0.215,0.293
2011-337,12/3/2011,12/10/2011,STD,0.312,257492,0.249,751599,0.063,0.21,0.312
2011-345,12/11/2011,12/18/2011,STD,0.3,316295,0.264,652383,0.036,0.212,0.316
2011-353,12/19/2011,12/26/2011,STD,0.263,237276,0.27,645790,-0.007,0.221,0.36
2011-361,12/27/2011,1/3/2012,STD,0.22,153995,0.282,470816,-0.062,0.172,0.362
2012-001,1/1/2012,1/8/2012,STD,0.29,234601,0.281,380225,0.009,0.204,0.466
2012-009,1/9/2012,1/16/2012,STD,0.272,110738,0.288,372891,-0.016,0.207,0.371
2012-017,1/17/2012,1/24/2012,STD,0.214,166426,0.271,430377,-0.057,0.155,0.349
2012-025,1/25/2012,2/1/2012,STD,0.257,196513,0.261,471734,-0.004,0.202,0.396
2012-033,2/2/2012,2/9/2012,STD,0.245,338382,0.247,436303,-0.002,0.161,0.375
2012-041,2/10/2012,2/17/2012,STD,0.216,287982,0.261,443823,-0.045,0.151,0.383
2012-049,2/18/2012,2/25/2012,STD,0.246,324083,0.273,520937,-0.027,0.198,0.369
2012-057,2/26/2012,3/4/2012,STD,0.196,274615,0.259,643239,-0.063,0.18,0.373
2012-065,3/5/2012,3/12/2012,STD,0.26,200754,0.279,742029,-0.019,0.217,0.364
2012-073,3/13/2012,3/20/2012,STD,0.244,402549,0.267,755847,-0.023,0.233,0.403
2012-081,3/21/2012,3/28/2012,STD,0.266,629358,0.275,756116,-0.009,0.204,0.329
2012-089,3/29/2012,4/5/2012,STD,0.273,673576,0.279,756336,-0.006,0.255,0.314
2012-097,4/6/2012,4/13/2012,STD,0.236,612475,0.282,756381,-0.046,0.236,0.314
2012-105,4/14/2012,4/21/2012,STD,0.269,655184,0.285,756337,-0.016,0.243,0.312
2012-113,4/22/2012,4/29/2012,STD,0.325,614482,0.299,756380,0.026,0.233,0.338
2012-121,4/30/2012,5/7/2012,STD,0.308,697032,0.298,756163,0.01,0.259,0.328
2012-129,5/8/2012,5/15/2012,STD,0.281,644075,0.298,756364,-0.017,0.276,0.313
2012-137,5/16/2012,5/23/2012,STD,0.303,711181,0.303,756382,0,0.277,0.334
2012-145,5/24/2012,5/31/2012,STD,0.299,709327,0.306,756384,-0.007,0.27,0.334
2012-153,6/1/2012,6/8/2012,STD,0.326,653348,0.331,756367,-0.005,0.299,0.375
2012-161,6/9/2012,6/16/2012,STD,0.398,593439,0.394,756372,0.004,0.342,0.484
2012-169,6/17/2012,6/24/2012,STD,0.519,691176,0.51,756340,0.009,0.449,0.606
2012-177,6/25/2012,7/2/2012,STD,0.683,574274,0.629,756171,0.054,0.549,0.761
2012-185,7/3/2012,7/10/2012,STD,0.77,645160,0.724,756381,0.046,0.634,0.82
2012-193,7/11/2012,7/18/2012,STD,0.824,634255,0.786,756384,0.038,0.687,0.853
2012-201,7/19/2012,7/26/2012,STD,0.829,619046,0.82,756385,0.009,0.739,0.87
2012-209,7/27/2012,8/3/2012,STD,0.826,525730,0.835,756384,-0.009,0.78,0.867
2012-217,8/4/2012,8/11/2012,STD,0.846,685806,0.833,756384,0.013,0.803,0.86
2012-225,8/12/2012,8/19/2012,STD,0.821,634624,0.812,756384,0.009,0.744,0.837
2012-233,8/20/2012,8/27/2012,STD,0.768,641692,0.775,756384,-0.007,0.737,0.815
2012-241,8/28/2012,9/4/2012,STD,0.732,674242,0.728,756385,0.004,0.693,0.772
2012-249,9/5/2012,9/12/2012,STD,0.69,640335,0.664,756385,0.026,0.632,0.722
2012-257,9/13/2012,9/20/2012,STD,0.606,691567,0.584,756385,0.022,0.531,0.654
2012-265,9/21/2012,9/28/2012,STD,0.552,531296,0.514,756294,0.038,0.419,0.568
2012-273,9/29/2012,10/6/2012,STD,0.497,750721,0.427,756384,0.07,0.341,0.518
2012-281,10/7/2012,10/14/2012,STD,0.392,716848,0.351,755733,0.041,0.289,0.442
2012-289,10/15/2012,10/22/2012,STD,0.322,675630,0.29,755382,0.032,0.266,0.334
2012-297,10/23/2012,10/30/2012,STD,0.27,648776,0.26,755715,0.01,0.245,0.301
2012-305,10/31/2012,11/7/2012,STD,0.262,589400,0.25,755692,0.012,0.233,0.279
2012-313,11/8/2012,11/15/2012,STD,0.266,369286,0.243,755855,0.023,0.226,0.268
2012-321,11/16/2012,11/23/2012,STD,0.271,153326,0.242,755788,0.029,0.209,0.29
2012-329,11/24/2012,12/1/2012,STD,0.257,229188,0.248,754820,0.009,0.215,0.293
2012-337,12/2/2012,12/9/2012,STD,0.287,147685,0.249,751599,0.038,0.21,0.312
2012-345,12/10/2012,12/17/2012,STD,0.304,61223,0.264,652383,0.04,0.212,0.316
2012-353,12/18/2012,12/25/2012,STD,0.319,84359,0.27,645790,0.049,0.221,0.36
2012-361,12/26/2012,1/2/2013,STD,0.306,90611,0.282,470816,0.024,0.172,0.362
2013-001,1/1/2013,1/8/2013,STD,0.306,87862,0.281,380225,0.025,0.204,0.466
2013-009,1/9/2013,1/16/2013,STD,0.252,30418,0.288,372891,-0.036,0.207,0.371
2013-017,1/17/2013,1/24/2013,STD,0.29,94712,0.271,430377,0.019,0.155,0.349
2013-025,1/25/2013,2/1/2013,STD,0.297,101916,0.261,471734,0.036,0.202,0.396
2013-033,2/2/2013,2/9/2013,STD,0.272,95265,0.247,436303,0.025,0.161,0.375
2013-041,2/10/2013,2/17/2013,STD,0.296,149823,0.261,443823,0.035,0.151,0.383
2013-049,2/18/2013,2/25/2013,STD,0.311,152755,0.273,520937,0.038,0.198,0.369
2013-057,2/26/2013,3/5/2013,STD,0.37,173294,0.259,643239,0.111,0.18,0.373
2013-065,3/6/2013,3/13/2013,STD,0.343,216184,0.279,742029,0.064,0.217,0.364
2013-073,3/14/2013,3/21/2013,STD,0.403,226360,0.267,755847,0.136,0.233,0.403
2013-081,3/22/2013,3/29/2013,STD,0.29,174385,0.275,756116,0.015,0.204,0.329
2013-089,3/30/2013,4/6/2013,STD,0.312,477438,0.279,756336,0.033,0.255,0.314
2013-097,4/7/2013,4/14/2013,STD,0.288,616922,0.282,756381,0.006,0.236,0.314
2013-105,4/15/2013,4/22/2013,STD,0.284,691741,0.285,756337,-0.001,0.243,0.312
2013-113,4/23/2013,4/30/2013,STD,0.305,695719,0.299,756380,0.006,0.233,0.338
2013-121,5/1/2013,5/8/2013,STD,0.302,710847,0.298,756163,0.004,0.259,0.328
2013-129,5/9/2013,5/16/2013,STD,0.309,675105,0.298,756364,0.011,0.276,0.313
2013-137,5/17/2013,5/24/2013,STD,0.292,704816,0.303,756382,-0.011,0.277,0.334
2013-145,5/25/2013,6/1/2013,STD,0.27,580640,0.306,756384,-0.036,0.27,0.334
2013-153,6/2/2013,6/9/2013,STD,0.318,727221,0.331,756367,-0.013,0.299,0.375
2013-161,6/10/2013,6/17/2013,STD,0.415,715458,0.394,756372,0.021,0.342,0.484
2013-169,6/18/2013,6/25/2013,STD,0.495,696120,0.51,756340,-0.015,0.449,0.606
2013-177,6/26/2013,7/3/2013,STD,0.66,320470,0.629,756171,0.031,0.549,0.761
2013-185,7/4/2013,7/11/2013,STD,0.731,724658,0.724,756381,0.007,0.634,0.82
2013-193,7/12/2013,7/19/2013,STD,0.794,709871,0.786,756384,0.008,0.687,0.853
2013-201,7/20/2013,7/27/2013,STD,0.832,625936,0.82,756385,0.012,0.739,0.87
2013-209,7/28/2013,8/4/2013,STD,0.846,506067,0.835,756384,0.011,0.78,0.867
2013-217,8/5/2013,8/12/2013,STD,0.832,574066,0.833,756384,-0.001,0.803,0.86
2013-225,8/13/2013,8/20/2013,STD,0.812,581885,0.812,756384,0,0.744,0.837
2013-233,8/21/2013,8/28/2013,STD,0.768,677218,0.775,756384,-0.007,0.737,0.815
2013-241,8/29/2013,9/5/2013,STD,0.727,610673,0.728,756385,-0.001,0.693,0.772
2013-249,9/6/2013,9/13/2013,STD,0.655,582792,0.664,756385,-0.009,0.632,0.722
2013-257,9/14/2013,9/21/2013,STD,0.616,716552,0.584,756385,0.032,0.531,0.654
2013-265,9/22/2013,9/29/2013,STD,0.523,610867,0.514,756294,0.009,0.419,0.568
2013-273,9/30/2013,10/7/2013,STD,0.441,564766,0.427,756384,0.014,0.341,0.518
2013-281,10/8/2013,10/15/2013,STD,0.366,611769,0.351,755733,0.015,0.289,0.442
2013-289,10/16/2013,10/23/2013,STD,0.288,613449,0.29,755382,-0.002,0.266,0.334
2013-297,10/24/2013,10/31/2013,STD,0.255,601036,0.26,755715,-0.005,0.245,0.301
2013-305,11/1/2013,11/8/2013,STD,0.254,503692,0.25,755692,0.004,0.233,0.279
2013-313,11/9/2013,11/16/2013,STD,0.247,347152,0.243,755855,0.004,0.226,0.268
2013-321,11/17/2013,11/24/2013,STD,0.275,227817,0.242,755788,0.033,0.209,0.29
2013-329,11/25/2013,12/2/2013,STD,0.27,264068,0.248,754820,0.022,0.215,0.293
2013-337,12/3/2013,12/10/2013,STD,0.264,175217,0.249,751599,0.015,0.21,0.312
2013-345,12/11/2013,12/18/2013,STD,0.316,139070,0.264,652383,0.052,0.212,0.316
2013-353,12/19/2013,12/26/2013,STD,0.325,79853,0.27,645790,0.055,0.221,0.36
2013-361,12/27/2013,1/3/2014,STD,0.294,181527,0.282,470816,0.012,0.172,0.362
2014-001,1/1/2014,1/8/2014,STD,0.289,185704,0.281,380225,0.008,0.204,0.466
2014-009,1/9/2014,1/16/2014,STD,0.313,154853,0.288,372891,0.025,0.207,0.371
2014-017,1/17/2014,1/24/2014,STD,0.313,187765,0.271,430377,0.042,0.155,0.349
2014-025,1/25/2014,2/1/2014,STD,0.251,162527,0.261,471734,-0.01,0.202,0.396
2014-033,2/2/2014,2/9/2014,STD,0.199,144547,0.247,436303,-0.048,0.161,0.375
2014-041,2/10/2014,2/17/2014,STD,0.32,151656,0.261,443823,0.059,0.151,0.383
2014-049,2/18/2014,2/25/2014,STD,0.283,228883,0.273,520937,0.01,0.198,0.369
2014-057,2/26/2014,3/5/2014,STD,0.276,238827,0.259,643239,0.017,0.18,0.373
2014-065,3/6/2014,3/13/2014,STD,0.318,324090,0.279,742029,0.039,0.217,0.364
2014-073,3/14/2014,3/21/2014,STD,0.315,463363,0.267,755847,0.048,0.233,0.403
2014-081,3/22/2014,3/29/2014,STD,0.312,571748,0.275,756116,0.037,0.204,0.329
2014-089,3/30/2014,4/6/2014,STD,0.314,646204,0.279,756336,0.035,0.255,0.314
2014-097,4/7/2014,4/14/2014,STD,0.314,714344,0.282,756381,0.032,0.236,0.314
2014-105,4/15/2014,4/22/2014,STD,0.259,624512,0.285,756337,-0.026,0.243,0.312
2014-113,4/23/2014,4/30/2014,STD,0.31,733541,0.299,756380,0.011,0.233,0.338
2014-121,5/1/2014,5/8/2014,STD,0.312,655650,0.298,756163,0.014,0.259,0.328
2014-129,5/9/2014,5/16/2014,STD,0.302,636006,0.298,756364,0.004,0.276,0.313
2014-137,5/17/2014,5/24/2014,STD,0.312,684871,0.303,756382,0.009,0.277,0.334
2014-145,5/25/2014,6/1/2014,STD,0.298,704449,0.306,756384,-0.008,0.27,0.334
2014-153,6/2/2014,6/9/2014,STD,0.336,683238,0.331,756367,0.005,0.299,0.375
2014-161,6/10/2014,6/17/2014,STD,0.449,656004,0.394,756372,0.055,0.342,0.484
2014-169,6/18/2014,6/25/2014,STD,0.606,641993,0.51,756340,0.096,0.449,0.606
2014-177,6/26/2014,7/3/2014,STD,0.737,641264,0.629,756171,0.108,0.549,0.761
2014-185,7/4/2014,7/11/2014,STD,0.79,648470,0.724,756381,0.066,0.634,0.82
2014-193,7/12/2014,7/19/2014,STD,0.81,476098,0.786,756384,0.024,0.687,0.853
2014-201,7/20/2014,7/27/2014,STD,0.83,577574,0.82,756385,0.01,0.739,0.87
2014-209,7/28/2014,8/4/2014,STD,0.838,704154,0.835,756384,0.003,0.78,0.867
2014-217,8/5/2014,8/12/2014,STD,0.828,594913,0.833,756384,-0.005,0.803,0.86
2014-225,8/13/2014,8/20/2014,STD,0.799,569393,0.812,756384,-0.013,0.744,0.837
2014-233,8/21/2014,8/28/2014,STD,0.737,538898,0.775,756384,-0.038,0.737,0.815
2014-241,8/29/2014,9/5/2014,STD,0.693,631851,0.728,756385,-0.035,0.693,0.772
2014-249,9/6/2014,9/13/2014,STD,0.633,632131,0.664,756385,-0.031,0.632,0.722
2014-257,9/14/2014,9/21/2014,STD,0.567,656659,0.584,756385,-0.017,0.531,0.654
2014-265,9/22/2014,9/29/2014,STD,0.492,468981,0.514,756294,-0.022,0.419,0.568
2014-273,9/30/2014,10/7/2014,STD,0.429,621312,0.427,756384,0.002,0.341,0.518
2014-281,10/8/2014,10/15/2014,STD,0.365,452492,0.351,755733,0.014,0.289,0.442
2014-289,10/16/2014,10/23/2014,STD,0.295,684703,0.29,755382,0.005,0.266,0.334
2014-297,10/24/2014,10/31/2014,STD,0.274,643023,0.26,755715,0.014,0.245,0.301
2014-305,11/1/2014,11/8/2014,STD,0.266,634909,0.25,755692,0.016,0.233,0.279
2014-313,11/9/2014,11/16/2014,STD,0.239,591296,0.243,755855,-0.004,0.226,0.268
2014-321,11/17/2014,11/24/2014,STD,0.218,398142,0.242,755788,-0.024,0.209,0.29
2014-329,11/25/2014,12/2/2014,STD,0.238,344522,0.248,754820,-0.01,0.215,0.293
2014-337,12/3/2014,12/10/2014,STD,0.273,239012,0.249,751599,0.024,0.21,0.312
2014-345,12/11/2014,12/18/2014,STD,0.281,159054,0.264,652383,0.017,0.212,0.316
2014-353,12/19/2014,12/26/2014,STD,0.275,147194,0.27,645790,0.005,0.221,0.36
2014-361,12/27/2014,1/3/2015,STD,0.271,140448,0.282,470816,-0.011,0.172,0.362
2015-001,1/1/2015,1/8/2015,STD,0.263,144477,0.281,380225,-0.018,0.204,0.466
2015-009,1/9/2015,1/16/2015,STD,0.271,95648,0.288,372891,-0.017,0.207,0.371
2015-017,1/17/2015,1/24/2015,STD,0.287,72385,0.271,430377,0.016,0.155,0.349
2015-025,1/25/2015,2/1/2015,STD,0.246,65206,0.261,471734,-0.015,0.202,0.396
2015-033,2/2/2015,2/9/2015,STD,0.282,223650,0.247,436303,0.035,0.161,0.375
2015-041,2/10/2015,2/17/2015,STD,0.246,269233,0.261,443823,-0.015,0.151,0.383
2015-049,2/18/2015,2/25/2015,STD,0.283,193396,0.273,520937,0.01,0.198,0.369
2015-057,2/26/2015,3/5/2015,STD,0.277,135530,0.259,643239,0.018,0.18,0.373
2015-065,3/6/2015,3/13/2015,STD,0.322,179970,0.279,742029,0.043,0.217,0.364
2015-073,3/14/2015,3/21/2015,STD,0.236,435301,0.267,755847,-0.031,0.233,0.403
2015-081,3/22/2015,3/29/2015,STD,0.266,566502,0.275,756116,-0.009,0.204,0.329
2015-089,3/30/2015,4/6/2015,STD,0.284,555407,0.279,756336,0.005,0.255,0.314
2015-097,4/7/2015,4/14/2015,STD,0.287,670470,0.282,756381,0.005,0.236,0.314
2015-105,4/15/2015,4/22/2015,STD,0.302,665230,0.285,756337,0.017,0.243,0.312
2015-113,4/23/2015,4/30/2015,STD,0.316,622531,0.299,756380,0.017,0.233,0.338
2015-121,5/1/2015,5/8/2015,STD,0.323,599450,0.298,756163,0.025,0.259,0.328
2015-129,5/9/2015,5/16/2015,STD,0.304,643164,0.298,756364,0.006,0.276,0.313
2015-137,5/17/2015,5/24/2015,STD,0.302,671227,0.303,756382,-0.001,0.277,0.334
2015-145,5/25/2015,6/1/2015,STD,0.317,683072,0.306,756384,0.011,0.27,0.334
2015-153,6/2/2015,6/9/2015,STD,0.326,650489,0.331,756367,-0.005,0.299,0.375
2015-161,6/10/2015,6/17/2015,STD,0.392,707578,0.394,756372,-0.002,0.342,0.484
2015-169,6/18/2015,6/25/2015,STD,0.566,593551,0.51,756340,0.056,0.449,0.606
2015-177,6/26/2015,7/3/2015,STD,0.7,588514,0.629,756171,0.071,0.549,0.761
2015-185,7/4/2015,7/11/2015,STD,0.771,636621,0.724,756381,0.047,0.634,0.82
2015-193,7/12/2015,7/19/2015,STD,0.804,734965,0.786,756384,0.018,0.687,0.853
2015-201,7/20/2015,7/27/2015,STD,0.861,407681,0.82,756385,0.041,0.739,0.87
2015-209,7/28/2015,8/4/2015,STD,0.85,737426,0.835,756384,0.015,0.78,0.867
2015-217,8/5/2015,8/12/2015,STD,0.859,636229,0.833,756384,0.026,0.803,0.86
2015-225,8/13/2015,8/20/2015,STD,0.837,654975,0.812,756384,0.025,0.744,0.837
2015-233,8/21/2015,8/28/2015,STD,0.81,474717,0.775,756384,0.035,0.737,0.815
2015-241,8/29/2015,9/5/2015,STD,0.734,678185,0.728,756385,0.006,0.693,0.772
2015-249,9/6/2015,9/13/2015,STD,0.691,684337,0.664,756385,0.027,0.632,0.722
2015-257,9/14/2015,9/21/2015,STD,0.599,631828,0.584,756385,0.015,0.531,0.654
2015-265,9/22/2015,9/29/2015,STD,0.555,504863,0.514,756294,0.041,0.419,0.568
2015-273,9/30/2015,10/7/2015,STD,0.491,657318,0.427,756384,0.064,0.341,0.518
2015-281,10/8/2015,10/15/2015,STD,0.383,619160,0.351,755733,0.032,0.289,0.442
2015-289,10/16/2015,10/23/2015,STD,0.308,645399,0.29,755382,0.018,0.266,0.334
2015-297,10/24/2015,10/31/2015,STD,0.256,546652,0.26,755715,-0.004,0.245,0.301
2015-305,11/1/2015,11/8/2015,STD,0.259,546163,0.25,755692,0.009,0.233,0.279
2015-313,11/9/2015,11/16/2015,STD,0.23,300885,0.243,755855,-0.013,0.226,0.268
2015-321,11/17/2015,11/24/2015,STD,0.22,343505,0.242,755788,-0.022,0.209,0.29
2015-329,11/25/2015,12/2/2015,STD,0.272,382876,0.248,754820,0.024,0.215,0.293
2015-337,12/3/2015,12/10/2015,STD,0.296,165051,0.249,751599,0.047,0.21,0.312
2015-345,12/11/2015,12/18/2015,STD,0.288,204971,0.264,652383,0.024,0.212,0.316
2015-353,12/19/2015,12/26/2015,STD,0.284,91024,0.27,645790,0.014,0.221,0.36
2015-361,12/27/2015,1/3/2016,STD,0.304,108336,0.282,470816,0.022,0.172,0.362
2016-001,1/1/2016,1/8/2016,STD,0.249,94233,0.281,380225,-0.032,0.204,0.466
2016-009,1/9/2016,1/16/2016,STD,0.29,96247,0.288,372891,0.002,0.207,0.371
2016-017,1/17/2016,1/24/2016,STD,0.281,109840,0.271,430377,0.01,0.155,0.349
2016-025,1/25/2016,2/1/2016,STD,0.27,199207,0.261,471734,0.009,0.202,0.396
2016-033,2/2/2016,2/9/2016,STD,0.286,202902,0.247,436303,0.039,0.161,0.375
2016-041,2/10/2016,2/17/2016,STD,0.293,251669,0.261,443823,0.032,0.151,0.383
2016-049,2/18/2016,2/25/2016,STD,0.28,134294,0.273,520937,0.007,0.198,0.369
2016-057,2/26/2016,3/4/2016,STD,0.296,194180,0.259,643239,0.037,0.18,0.373
2016-065,3/5/2016,3/12/2016,STD,0.254,255204,0.279,742029,-0.025,0.217,0.364
2016-073,3/13/2016,3/20/2016,STD,0.252,484205,0.267,755847,-0.015,0.233,0.403
2016-081,3/21/2016,3/28/2016,STD,0.268,671763,0.275,756116,-0.007,0.204,0.329
2016-089,3/29/2016,4/5/2016,STD,0.27,685636,0.279,756336,-0.009,0.255,0.314
2016-097,4/6/2016,4/13/2016,STD,0.272,663746,0.282,756381,-0.01,0.236,0.314
2016-105,4/14/2016,4/21/2016,STD,0.312,661309,0.285,756337,0.027,0.243,0.312
2016-113,4/22/2016,4/29/2016,STD,0.278,622056,0.299,756380,-0.021,0.233,0.338
2016-121,4/30/2016,5/7/2016,STD,0.328,567230,0.298,756163,0.03,0.259,0.328
2016-129,5/8/2016,5/15/2016,STD,0.29,659929,0.298,756364,-0.008,0.276,0.313
2016-137,5/16/2016,5/23/2016,STD,0.295,710398,0.303,756382,-0.008,0.277,0.334
2016-145,5/24/2016,5/31/2016,STD,0.299,657445,0.306,756384,-0.007,0.27,0.334
2016-153,6/1/2016,6/8/2016,STD,0.299,624110,0.331,756367,-0.032,0.299,0.375
2016-161,6/9/2016,6/16/2016,STD,0.41,586750,0.394,756372,0.016,0.342,0.484
2016-169,6/17/2016,6/24/2016,STD,0.493,537638,0.51,756340,-0.017,0.449,0.606
2016-177,6/25/2016,7/2/2016,STD,0.636,670407,0.629,756171,0.007,0.549,0.761
2016-185,7/3/2016,7/10/2016,STD,0.76,609553,0.724,756381,0.036,0.634,0.82
2016-193,7/11/2016,7/18/2016,STD,0.82,584617,0.786,756384,0.034,0.687,0.853
2016-201,7/19/2016,7/26/2016,STD,0.824,645624,0.82,756385,0.004,0.739,0.87
2016-209,7/27/2016,8/3/2016,STD,0.851,683093,0.835,756384,0.016,0.78,0.867
2016-217,8/4/2016,8/11/2016,STD,0.857,662144,0.833,756384,0.024,0.803,0.86
2016-225,8/12/2016,8/19/2016,STD,0.83,719169,0.812,756384,0.018,0.744,0.837
2016-233,8/20/2016,8/27/2016,STD,0.789,740629,0.775,756384,0.014,0.737,0.815
2016-241,8/28/2016,9/4/2016,STD,0.746,743260,0.728,756385,0.018,0.693,0.772
2016-249,9/5/2016,9/12/2016,STD,0.695,471391,0.664,756385,0.031,0.632,0.722
2016-257,9/13/2016,9/20/2016,STD,0.631,613444,0.584,756385,0.047,0.531,0.654
2016-265,9/21/2016,9/28/2016,STD,0.568,618191,0.514,756294,0.054,0.419,0.568
2016-273,9/29/2016,10/6/2016,STD,0.465,656944,0.427,756384,0.038,0.341,0.518
2016-281,10/7/2016,10/14/2016,STD,0.374,465935,0.351,755733,0.023,0.289,0.442
2016-289,10/15/2016,10/22/2016,STD,0.266,467317,0.29,755382,-0.024,0.266,0.334
2016-297,10/23/2016,10/30/2016,STD,0.245,558422,0.26,755715,-0.015,0.245,0.301
2016-305,10/31/2016,11/7/2016,STD,0.279,659025,0.25,755692,0.029,0.233,0.279
2016-313,11/8/2016,11/15/2016,STD,0.257,427431,0.243,755855,0.014,0.226,0.268
2016-321,11/16/2016,11/23/2016,STD,0.209,82286,0.242,755788,-0.033,0.209,0.29
2016-329,11/24/2016,12/1/2016,STD,0.249,189482,0.248,754820,0.001,0.215,0.293
2016-337,12/2/2016,12/9/2016,STD,0.263,162439,0.249,751599,0.014,0.21,0.312
2016-345,12/10/2016,12/17/2016,STD,0.266,177206,0.264,652383,0.002,0.212,0.316
2016-353,12/18/2016,12/25/2016,STD,0.243,71756,0.27,645790,-0.027,0.221,0.36
2016-361,12/26/2016,1/2/2017,STD,0.275,155826,0.282,470816,-0.007,0.172,0.362
2017-001,1/1/2017,1/8/2017,STD,0.259,75679,0.281,380225,-0.022,0.204,0.466
2017-009,1/9/2017,1/16/2017,STD,0.314,173283,0.288,372891,0.026,0.207,0.371
2017-017,1/17/2017,1/24/2017,STD,0.303,174549,0.271,430377,0.032,0.155,0.349
2017-025,1/25/2017,2/1/2017,STD,0.273,173020,0.261,471734,0.012,0.202,0.396
2017-033,2/2/2017,2/9/2017,STD,0.221,103495,0.247,436303,-0.026,0.161,0.375
2017-041,2/10/2017,2/17/2017,STD,0.274,280486,0.261,443823,0.013,0.151,0.383
2017-049,2/18/2017,2/25/2017,STD,0.311,182246,0.273,520937,0.038,0.198,0.369
2017-057,2/26/2017,3/5/2017,STD,0.286,324308,0.259,643239,0.027,0.18,0.373
2017-065,3/6/2017,3/13/2017,STD,0.273,360671,0.279,742029,-0.006,0.217,0.364
2017-073,3/14/2017,3/21/2017,STD,0.264,562466,0.267,755847,-0.003,0.233,0.403
2017-081,3/22/2017,3/29/2017,STD,0.274,645263,0.275,756116,-0.001,0.204,0.329
2017-089,3/30/2017,4/6/2017,STD,0.282,709183,0.279,756336,0.003,0.255,0.314
2017-097,4/7/2017,4/14/2017,STD,0.294,720121,0.282,756381,0.012,0.236,0.314
2017-105,4/15/2017,4/22/2017,STD,0.296,726662,0.285,756337,0.011,0.243,0.312
2017-113,4/23/2017,4/30/2017,STD,0.308,635034,0.299,756380,0.009,0.233,0.338
2017-121,5/1/2017,5/8/2017,STD,0.263,626608,0.298,756163,-0.035,0.259,0.328
2017-129,5/9/2017,5/16/2017,STD,0.285,698220,0.298,756364,-0.013,0.276,0.313
2017-137,5/17/2017,5/24/2017,STD,0.303,698098,0.303,756382,0,0.277,0.334
2017-145,5/25/2017,6/1/2017,STD,0.306,739116,0.306,756384,0,0.27,0.334
2017-153,6/2/2017,6/9/2017,STD,0.349,715644,0.331,756367,0.018,0.299,0.375
2017-161,6/10/2017,6/17/2017,STD,0.393,697653,0.394,756372,-0.001,0.342,0.484
2017-169,6/18/2017,6/25/2017,STD,0.572,591696,0.51,756340,0.062,0.449,0.606
2017-177,6/26/2017,7/3/2017,STD,0.682,657753,0.629,756171,0.053,0.549,0.761
2017-185,7/4/2017,7/11/2017,STD,0.771,713584,0.724,756381,0.047,0.634,0.82
2017-193,7/12/2017,7/19/2017,STD,0.847,633554,0.786,756384,0.061,0.687,0.853
2017-201,7/20/2017,7/27/2017,STD,0.848,738326,0.82,756385,0.028,0.739,0.87
2017-209,7/28/2017,8/4/2017,STD,0.863,619511,0.835,756384,0.028,0.78,0.867
2017-217,8/5/2017,8/12/2017,STD,0.86,510834,0.833,756384,0.027,0.803,0.86
2017-225,8/13/2017,8/20/2017,STD,0.826,583036,0.812,756384,0.014,0.744,0.837
2017-233,8/21/2017,8/28/2017,STD,0.799,729524,0.775,756384,0.024,0.737,0.815
2017-241,8/29/2017,9/5/2017,STD,0.731,640047,0.728,756385,0.003,0.693,0.772
2017-249,9/6/2017,9/13/2017,STD,0.681,732289,0.664,756385,0.017,0.632,0.722
2017-257,9/14/2017,9/21/2017,STD,0.599,722655,0.584,756385,0.015,0.531,0.654
2017-265,9/22/2017,9/29/2017,STD,0.549,550307,0.514,756294,0.035,0.419,0.568
2017-273,9/30/2017,10/7/2017,STD,0.457,573605,0.427,756384,0.03,0.341,0.518
2017-281,10/8/2017,10/15/2017,STD,0.417,383054,0.351,755733,0.066,0.289,0.442
2017-289,10/16/2017,10/23/2017,STD,0.283,608046,0.29,755382,-0.007,0.266,0.334
2017-297,10/24/2017,10/31/2017,STD,0.288,674534,0.26,755715,0.028,0.245,0.301
2017-305,11/1/2017,11/8/2017,STD,0.26,523708,0.25,755692,0.01,0.233,0.279
2017-313,11/9/2017,11/16/2017,STD,0.255,458533,0.243,755855,0.012,0.226,0.268
2017-321,11/17/2017,11/24/2017,STD,0.235,313092,0.242,755788,-0.007,0.209,0.29
2017-329,11/25/2017,12/2/2017,STD,0.223,288874,0.248,754820,-0.025,0.215,0.293
2017-337,12/3/2017,12/10/2017,STD,0.218,185372,0.249,751599,-0.031,0.21,0.312
2017-345,12/11/2017,12/18/2017,STD,0.239,199371,0.264,652383,-0.025,0.212,0.316
2017-353,12/19/2017,12/26/2017,STD,0.244,176767,0.27,645790,-0.026,0.221,0.36
2017-361,12/27/2017,1/3/2018,STD,0.217,103366,0.282,470816,-0.065,0.172,0.362
2018-001,1/1/2018,1/8/2018,STD,0.204,79624,0.281,380225,-0.077,0.204,0.466
2018-009,1/9/2018,1/16/2018,STD,0.292,120424,0.288,372891,0.004,0.207,0.371
2018-017,1/17/2018,1/24/2018,STD,0.259,51866,0.271,430377,-0.012,0.155,0.349
2018-025,1/25/2018,2/1/2018,STD,0.202,78291,0.261,471734,-0.059,0.202,0.396
2018-033,2/2/2018,2/9/2018,STD,0.239,222898,0.247,436303,-0.008,0.161,0.375
2018-041,2/10/2018,2/17/2018,STD,0.234,300673,0.261,443823,-0.027,0.151,0.383
2018-049,2/18/2018,2/25/2018,STD,0.233,277392,0.273,520937,-0.04,0.198,0.369
2018-057,2/26/2018,3/5/2018,STD,0.25,229842,0.259,643239,-0.009,0.18,0.373
2018-065,3/6/2018,3/13/2018,STD,0.344,241094,0.279,742029,0.065,0.217,0.364
2018-073,3/14/2018,3/21/2018,STD,0.233,291117,0.267,755847,-0.034,0.233,0.403
2018-081,3/22/2018,3/29/2018,STD,0.275,661638,0.275,756116,0,0.204,0.329
2018-089,3/30/2018,4/6/2018,STD,0.288,652406,0.279,756336,0.009,0.255,0.314
2018-097,4/7/2018,4/14/2018,STD,0.299,643241,0.282,756381,0.017,0.236,0.314
2018-105,4/15/2018,4/22/2018,STD,0.294,692868,0.285,756337,0.009,0.243,0.312
2018-113,4/23/2018,4/30/2018,STD,0.301,698903,0.299,756380,0.002,0.233,0.338
2018-121,5/1/2018,5/8/2018,STD,0.287,618752,0.298,756163,-0.011,0.259,0.328
2018-129,5/9/2018,5/16/2018,STD,0.278,683785,0.298,756364,-0.02,0.276,0.313
2018-137,5/17/2018,5/24/2018,STD,0.285,727045,0.303,756382,-0.018,0.277,0.334
2018-145,5/25/2018,6/1/2018,STD,0.305,710494,0.306,756384,-0.001,0.27,0.334
2018-153,6/2/2018,6/9/2018,STD,0.375,716598,0.331,756367,0.044,0.299,0.375
2018-161,6/10/2018,6/17/2018,STD,0.454,661573,0.394,756372,0.06,0.342,0.484
2018-169,6/18/2018,6/25/2018,STD,0.587,643368,0.51,756340,0.077,0.449,0.606
2018-177,6/26/2018,7/3/2018,STD,0.761,590398,0.629,756171,0.132,0.549,0.761
2018-185,7/4/2018,7/11/2018,STD,0.82,522516,0.724,756381,0.096,0.634,0.82
2018-193,7/12/2018,7/19/2018,STD,0.811,558721,0.786,756384,0.025,0.687,0.853
2018-201,7/20/2018,7/27/2018,STD,0.852,602636,0.82,756385,0.032,0.739,0.87
2018-209,7/28/2018,8/4/2018,STD,0.866,704836,0.835,756384,0.031,0.78,0.867
2018-217,8/5/2018,8/12/2018,STD,0.847,677424,0.833,756384,0.014,0.803,0.86
2018-225,8/13/2018,8/20/2018,STD,0.815,627756,0.812,756384,0.003,0.744,0.837
2018-233,8/21/2018,8/28/2018,STD,0.784,559597,0.775,756384,0.009,0.737,0.815
2018-241,8/29/2018,9/5/2018,STD,0.741,679845,0.728,756385,0.013,0.693,0.772
2018-249,9/6/2018,9/13/2018,STD,0.683,703489,0.664,756385,0.019,0.632,0.722
2018-257,9/14/2018,9/21/2018,STD,0.563,564455,0.584,756385,-0.021,0.531,0.654
2018-265,9/22/2018,9/29/2018,STD,0.54,587359,0.514,756294,0.026,0.419,0.568
2018-273,9/30/2018,10/7/2018,STD,0.454,718954,0.427,756384,0.027,0.341,0.518
2018-281,10/8/2018,10/15/2018,STD,0.396,543040,0.351,755733,0.045,0.289,0.442
2018-289,10/16/2018,10/23/2018,STD,0.306,617469,0.29,755382,0.016,0.266,0.334
2018-297,10/24/2018,10/31/2018,STD,0.281,684749,0.26,755715,0.021,0.245,0.301
2018-305,11/1/2018,11/8/2018,STD,0.251,667157,0.25,755692,0.001,0.233,0.279
2018-313,11/9/2018,11/16/2018,STD,0.256,423018,0.243,755855,0.013,0.226,0.268
2018-321,11/17/2018,11/24/2018,STD,0.25,339492,0.242,755788,0.008,0.209,0.29
2018-329,11/25/2018,12/2/2018,STD,0.221,384662,0.248,754820,-0.027,0.215,0.293
2018-337,12/3/2018,12/10/2018,STD,0.225,388589,0.249,751599,-0.024,0.21,0.312
2018-345,12/11/2018,12/18/2018,STD,0.265,443679,0.264,652383,0.001,0.212,0.316
2018-353,12/19/2018,12/26/2018,STD,0.269,358276,0.27,645790,-0.001,0.221,0.36
2018-361,12/27/2018,1/3/2019,STD,0.3,272815,0.282,470816,0.018,0.172,0.362
2019-001,1/1/2019,1/8/2019,STD,0.294,217207,0.281,380225,0.013,0.204,0.466
2019-009,1/9/2019,1/16/2019,STD,0.243,170823,0.288,372891,-0.045,0.207,0.371
2019-017,1/17/2019,1/24/2019,STD,0.273,372610,0.271,430377,0.002,0.155,0.349
2019-025,1/25/2019,2/1/2019,STD,0.264,383603,0.261,471734,0.003,0.202,0.396
2019-033,2/2/2019,2/9/2019,STD,0.218,271901,0.247,436303,-0.029,0.161,0.375
2019-041,2/10/2019,2/17/2019,STD,0.213,343651,0.261,443823,-0.048,0.151,0.383
2019-049,2/18/2019,2/25/2019,STD,0.223,549037,0.273,520937,-0.05,0.198,0.369
2019-057,2/26/2019,3/5/2019,STD,0.268,479386,0.259,643239,0.009,0.18,0.373
2019-065,3/6/2019,3/13/2019,STD,0.255,728999,0.279,742029,-0.024,0.217,0.364
2019-073,3/14/2019,3/21/2019,STD,0.261,710281,0.267,755847,-0.006,0.233,0.403
2019-081,3/22/2019,3/29/2019,STD,0.265,667346,0.275,756116,-0.01,0.204,0.329
2019-089,3/30/2019,4/6/2019,STD,0.281,710068,0.279,756336,0.002,0.255,0.314
2019-097,4/7/2019,4/14/2019,STD,0.255,687837,0.282,756381,-0.027,0.236,0.314
2019-105,4/15/2019,4/22/2019,STD,0.287,733123,0.285,756337,0.002,0.243,0.312
2019-113,4/23/2019,4/30/2019,STD,0.236,594867,0.299,756380,-0.063,0.233,0.338
2019-121,5/1/2019,5/8/2019,STD,0.29,635767,0.298,756163,-0.008,0.259,0.328
2019-129,5/9/2019,5/16/2019,STD,0.276,668633,0.298,756364,-0.022,0.276,0.313
2019-137,5/17/2019,5/24/2019,STD,0.301,635256,0.303,756382,-0.002,0.277,0.334
2019-145,5/25/2019,6/1/2019,STD,0.316,661910,0.306,756384,0.01,0.27,0.334
2019-153,6/2/2019,6/9/2019,STD,0.338,736282,0.331,756367,0.007,0.299,0.375
2019-161,6/10/2019,6/17/2019,STD,0.461,577070,0.394,756372,0.067,0.342,0.484
2019-169,6/18/2019,6/25/2019,STD,0.533,678503,0.51,756340,0.023,0.449,0.606
2019-177,6/26/2019,7/3/2019,STD,0.682,469287,0.629,756171,0.053,0.549,0.761
2019-185,7/4/2019,7/11/2019,STD,0.77,696998,0.724,756381,0.046,0.634,0.82
2019-193,7/12/2019,7/19/2019,STD,0.822,606024,0.786,756384,0.036,0.687,0.853
2019-201,7/20/2019,7/27/2019,STD,0.864,599610,0.82,756385,0.044,0.739,0.87
2019-209,7/28/2019,8/4/2019,STD,0.867,689731,0.835,756384,0.032,0.78,0.867
2019-217,8/5/2019,8/12/2019,STD,0.853,268860,0.833,756384,0.02,0.803,0.86
2019-225,8/13/2019,8/20/2019,STD,0.833,416012,0.812,756384,0.021,0.744,0.837
2019-233,8/21/2019,8/28/2019,STD,0.806,519265,0.775,756384,0.031,0.737,0.815
2019-241,8/29/2019,9/5/2019,STD,0.772,720958,0.728,756385,0.044,0.693,0.772
2019-249,9/6/2019,9/13/2019,STD,0.722,695339,0.664,756385,0.058,0.632,0.722
2019-257,9/14/2019,9/21/2019,STD,0.649,736327,0.584,756385,0.065,0.531,0.654
2019-265,9/22/2019,9/29/2019,STD,0.554,637508,0.514,756294,0.04,0.419,0.568
2019-273,9/30/2019,10/7/2019,STD,0.436,629208,0.427,756384,0.009,0.341,0.518
2019-281,10/8/2019,10/15/2019,STD,0.367,370688,0.351,755733,0.016,0.289,0.442
2019-289,10/16/2019,10/23/2019,STD,0.306,602723,0.29,755382,0.016,0.266,0.334
2019-297,10/24/2019,10/31/2019,STD,0.256,570988,0.26,755715,-0.004,0.245,0.301
2019-305,11/1/2019,11/8/2019,STD,0.246,640860,0.25,755692,-0.004,0.233,0.279
2019-313,11/9/2019,11/16/2019,STD,0.247,610757,0.243,755855,0.004,0.226,0.268
2019-321,11/17/2019,11/24/2019,STD,0.249,276037,0.242,755788,0.007,0.209,0.29
2019-329,11/25/2019,12/2/2019,STD,0.23,317540,0.248,754820,-0.018,0.215,0.293
2019-337,12/3/2019,12/10/2019,STD,0.27,196844,0.249,751599,0.021,0.21,0.312
2019-345,12/11/2019,12/18/2019,STD,0.258,125748,0.264,652383,-0.006,0.212,0.316
2019-353,12/19/2019,12/26/2019,STD,0.313,37963,0.27,645790,0.043,0.221,0.36
2019-361,12/27/2019,1/3/2020,STD,0.358,143066,0.282,470816,0.076,0.172,0.362
2020-001,1/1/2020,1/8/2020,STD,0.466,32409,0.281,380225,0.185,0.204,0.466
2020-009,1/9/2020,1/16/2020,STD,0.327,14077,0.288,372891,0.039,0.207,0.371
2020-017,1/17/2020,1/24/2020,STD,0.318,95478,0.271,430377,0.047,0.155,0.349
2020-025,1/25/2020,2/1/2020,STD,0.396,136920,0.261,471734,0.135,0.202,0.396
2020-033,2/2/2020,2/9/2020,STD,0.375,170014,0.247,436303,0.128,0.161,0.375
2020-041,2/10/2020,2/17/2020,STD,0.383,217228,0.261,443823,0.122,0.151,0.383
2020-049,2/18/2020,2/25/2020,STD,0.369,223075,0.273,520937,0.096,0.198,0.369
2020-057,2/26/2020,3/4/2020,STD,0.373,183151,0.259,643239,0.114,0.18,0.373
2020-065,3/5/2020,3/12/2020,STD,0.364,242409,0.279,742029,0.085,0.217,0.364
2020-073,3/13/2020,3/20/2020,STD,0.328,417988,0.267,755847,0.061,0.233,0.403
2020-081,3/21/2020,3/28/2020,STD,0.262,611341,0.275,756116,-0.013,0.204,0.329
2020-089,3/29/2020,4/5/2020,STD,0.274,670717,0.279,756336,-0.005,0.255,0.314
2020-097,4/6/2020,4/13/2020,STD,0.297,735246,0.282,756381,0.015,0.236,0.314
2020-105,4/14/2020,4/21/2020,STD,0.262,586354,0.285,756337,-0.023,0.243,0.312
2020-113,4/22/2020,4/29/2020,STD,0.3,665283,0.299,756380,0.001,0.233,0.338
2020-121,4/30/2020,5/7/2020,STD,0.299,586192,0.298,756163,0.001,0.259,0.328
2020-129,5/8/2020,5/15/2020,STD,0.282,638416,0.298,756364,-0.016,0.276,0.313
2020-137,5/16/2020,5/23/2020,STD,0.306,630146,0.303,756382,0.003,0.277,0.334
2020-145,5/24/2020,5/31/2020,STD,0.304,688084,0.306,756384,-0.002,0.27,0.334
2020-153,6/1/2020,6/8/2020,STD,0.366,695331,0.331,756367,0.035,0.299,0.375
2020-161,6/9/2020,6/16/2020,STD,0.484,602207,0.394,756372,0.09,0.342,0.484
2020-169,6/17/2020,6/24/2020,STD,0.528,483171,0.51,756340,0.018,0.449,0.606
2020-177,6/25/2020,7/2/2020,STD,0.706,696174,0.629,756171,0.077,0.549,0.761
2020-185,7/3/2020,7/10/2020,STD,0.778,665066,0.724,756381,0.054,0.634,0.82
2020-193,7/11/2020,7/18/2020,STD,0.84,632437,0.786,756384,0.054,0.687,0.853
2020-201,7/19/2020,7/26/2020,STD,0.862,665955,0.82,756385,0.042,0.739,0.87
2020-209,7/27/2020,8/3/2020,STD,0.862,601002,0.835,756384,0.027,0.78,0.867
2020-217,8/4/2020,8/11/2020,STD,0.854,431026,0.833,756384,0.021,0.803,0.86
2020-225,8/12/2020,8/19/2020,STD,0.83,676012,0.812,756384,0.018,0.744,0.837
2020-233,8/20/2020,8/27/2020,STD,0.815,727586,0.775,756384,0.04,0.737,0.815
2020-241,8/28/2020,9/4/2020,STD,0.756,648852,0.728,756385,0.028,0.693,0.772
2020-249,9/5/2020,9/12/2020,STD,0.702,636609,0.664,756385,0.038,0.632,0.722
2020-257,9/13/2020,9/20/2020,STD,0.654,406407,0.584,756385,0.07,0.531,0.654
2020-265,9/21/2020,9/28/2020,STD,0.557,611457,0.514,756294,0.043,0.419,0.568
2020-273,9/29/2020,10/6/2020,STD,0.518,712703,0.427,756384,0.091,0.341,0.518
2020-281,10/7/2020,10/14/2020,STD,0.442,657871,0.351,755733,0.091,0.289,0.442
2020-289,10/15/2020,10/22/2020,STD,0.334,613669,0.29,755382,0.044,0.266,0.334
2020-297,10/23/2020,10/30/2020,STD,0.301,654168,0.26,755715,0.041,0.245,0.301
2020-305,10/31/2020,11/7/2020,STD,0.265,650961,0.25,755692,0.015,0.233,0.279
2020-313,11/8/2020,11/15/2020,STD,0.254,647305,0.243,755855,0.011,0.226,0.268
2020-321,11/16/2020,11/23/2020,STD,0.252,399814,0.242,755788,0.01,0.209,0.29
2020-329,11/24/2020,12/1/2020,STD,0.254,269669,0.248,754820,0.006,0.215,0.293
2020-337,12/2/2020,12/9/2020,STD,0.265,332129,0.249,751599,0.016,0.21,0.312
2020-345,12/10/2020,12/17/2020,STD,0.268,354170,0.264,652383,0.004,0.212,0.316
2020-353,12/18/2020,12/25/2020,STD,0.27,263679,0.27,645790,0,0.221,0.36
2020-361,12/26/2020,1/2/2021,STD,0.271,104939,0.282,470816,-0.011,0.172,0.362
2021-001,1/1/2021,1/8/2021,STD,0.299,132136,0.281,380225,0.018,0.204,0.466
2021-009,1/9/2021,1/16/2021,STD,0.266,179782,0.288,372891,-0.022,0.207,0.371
2021-017,1/17/2021,1/24/2021,STD,0.272,175180,0.271,430377,0.001,0.155,0.349
2021-025,1/25/2021,2/1/2021,STD,0.279,194216,0.261,471734,0.018,0.202,0.396
2021-033,2/2/2021,2/9/2021,STD,0.308,199728,0.247,436303,0.061,0.161,0.375
2021-041,2/10/2021,2/17/2021,STD,0.331,217660,0.261,443823,0.07,0.151,0.383
2021-049,2/18/2021,2/25/2021,STD,0.352,244026,0.273,520937,0.079,0.198,0.369
2021-057,2/26/2021,3/5/2021,STD,0.36,271584,0.259,643239,0.101,0.18,0.373
2021-065,3/6/2021,3/13/2021,STD,0.245,282294,0.279,742029,-0.034,0.217,0.364
2021-073,3/14/2021,3/21/2021,STD,0.27,551559,0.267,755847,0.003,0.233,0.403
2021-081,3/22/2021,3/29/2021,STD,0.298,649196,0.275,756116,0.023,0.204,0.329
2021-089,3/30/2021,4/6/2021,STD,0.303,720712,0.279,756336,0.024,0.255,0.314
2021-097,4/7/2021,4/14/2021,STD,0.307,717851,0.282,756381,0.025,0.236,0.314
2021-105,4/15/2021,4/22/2021,STD,0.31,694438,0.285,756337,0.025,0.243,0.312
2021-113,4/23/2021,4/30/2021,STD,0.274,665005,0.299,756380,-0.025,0.233,0.338
2021-121,5/1/2021,5/8/2021,STD,0.304,576071,0.298,756163,0.006,0.259,0.328
2021-129,5/9/2021,5/16/2021,STD,0.292,639854,0.298,756364,-0.006,0.276,0.313
2021-137,5/17/2021,5/24/2021,STD,0.304,703266,0.303,756382,0.001,0.277,0.334
2021-145,5/25/2021,6/1/2021,STD,0.32,709884,0.306,756384,0.014,0.27,0.334
2021-153,6/2/2021,6/9/2021,STD,0.365,745012,0.331,756367,0.034,0.299,0.375
2021-161,6/10/2021,6/17/2021,STD,0.481,640325,0.394,756372,0.087,0.342,0.484
2021-169,6/18/2021,6/25/2021,STD,0.585,751011,0.51,756340,0.075,0.449,0.606
2021-177,6/26/2021,7/3/2021,STD,0.726,596255,0.629,756171,0.097,0.549,0.761
2021-185,7/4/2021,7/11/2021,STD,0.768,353325,0.724,756381,0.044,0.634,0.82
2021-193,7/12/2021,7/19/2021,STD,0.853,589247,0.786,756384,0.067,0.687,0.853
2021-201,7/20/2021,7/27/2021,STD,0.87,612082,0.82,756385,0.05,0.739,0.87
2021-209,7/28/2021,8/4/2021,STD,0.863,531388,0.835,756384,0.028,0.78,0.867
2021-217,8/5/2021,8/12/2021,STD,0.849,491425,0.833,756384,0.016,0.803,0.86
2021-225,8/13/2021,8/20/2021,STD,0.801,644726,0.812,756384,-0.011,0.744,0.837
2021-233,8/21/2021,8/28/2021,STD,0.765,568622,0.775,756384,-0.01,0.737,0.815
2021-241,8/29/2021,9/5/2021,STD,0.716,681523,0.728,756385,-0.012,0.693,0.772
2021-249,9/6/2021,9/13/2021,STD,0.693,497087,0.664,756385,0.029,0.632,0.722
2021-257,9/14/2021,9/21/2021,STD,0.63,698517,0.584,756385,0.046,0.531,0.654
2021-265,9/22/2021,9/29/2021,STD,0.557,577197,0.514,756294,0.043,0.419,0.568
2021-273,9/30/2021,10/7/2021,STD,0.48,728803,0.427,756384,0.053,0.341,0.518
2021-281,10/8/2021,10/15/2021,STD,0.413,503163,0.351,755733,0.062,0.289,0.442
2021-289,10/16/2021,10/23/2021,STD,0.325,688086,0.29,755382,0.035,0.266,0.334
2021-297,10/24/2021,10/31/2021,STD,0.262,602372,0.26,755715,0.002,0.245,0.301
2021-305,11/1/2021,11/8/2021,STD,0.257,599635,0.25,755692,0.007,0.233,0.279
2021-313,11/9/2021,11/16/2021,STD,0.268,232663,0.243,755855,0.025,0.226,0.268
2021-321,11/17/2021,11/24/2021,STD,0.254,228370,0.242,755788,0.012,0.209,0.29
2021-329,11/25/2021,12/2/2021,STD,0.26,166653,0.248,754820,0.012,0.215,0.293
2021-337,12/3/2021,12/10/2021,STD,0.241,190220,0.249,751599,-0.008,0.21,0.312
2021-345,12/11/2021,12/18/2021,STD,0.264,202816,0.264,652383,0,0.212,0.316
2021-353,12/19/2021,12/26/2021,STD,0.295,120064,0.27,645790,0.025,0.221,0.36
2021-361,12/27/2021,1/3/2022,STD,0.273,162797,0.282,470816,-0.009,0.172,0.362
2022-001,1/1/2022,1/8/2022,STD,0.271,69668,0.281,380225,-0.01,0.204,0.466
2022-009,1/9/2022,1/16/2022,STD,0.276,106820,0.288,372891,-0.012,0.207,0.371
2022-017,1/17/2022,1/24/2022,STD,0.24,54227,0.271,430377,-0.031,0.155,0.349
2022-025,1/25/2022,2/1/2022,STD,0.281,133250,0.261,471734,0.02,0.202,0.396
2022-033,2/2/2022,2/9/2022,STD,0.294,150337,0.247,436303,0.047,0.161,0.375
2022-041,2/10/2022,2/17/2022,STD,0.272,65695,0.261,443823,0.011,0.151,0.383
2022-049,2/18/2022,2/25/2022,STD,0.324,214024,0.273,520937,0.051,0.198,0.369
2022-057,2/26/2022,3/5/2022,STD,0.295,273092,0.259,643239,0.036,0.18,0.373
2022-065,3/6/2022,3/13/2022,STD,0.298,332274,0.279,742029,0.019,0.217,0.364
2022-073,3/14/2022,3/21/2022,STD,0.267,255332,0.267,755847,0,0.233,0.403
2022-081,3/22/2022,3/29/2022,STD,0.289,496226,0.275,756116,0.014,0.204,0.329
2022-089,3/30/2022,4/6/2022,STD,0.29,647788,0.279,756336,0.011,0.255,0.314
2022-097,4/7/2022,4/14/2022,STD,0.314,625898,0.282,756381,0.032,0.236,0.314
